export_volume_units,units_increase,export_volume_tons,price,price_per_unit,war,manufacturer,export,observation,time-period,category_dry_cats_and_dogs,category_treats,category_wet,pet_type_cats,pet_type_dogs,price_segment_economy,price_segment_middle,price_segment_premium,package_type_can,package_type_pack,package_type_pouch,package_type_sack
2291.0,0.0,3.44,0.17,74.20340462680052,0,TOV_KORMOTECH,1,1,1,False,False,True,True,False,False,True,False,True,False,False,False
4132.0,0.8035792230467045,5.94,0.29,70.1839303000968,0,TOV_KORMOTECH,1,1,2,False,False,True,True,False,False,True,False,True,False,False,False
2386.0,-0.42255566311713455,6.04,0.29,121.54233025984911,0,TOV_KORMOTECH,1,1,3,False,False,True,True,False,False,True,False,True,False,False,False
5756.0,1.4124056999161776,9.8,0.48,83.39124391938846,0,TOV_KORMOTECH,1,1,4,False,False,True,True,False,False,True,False,True,False,False,False
4904.0,-0.1480194579569145,6.51,0.31,63.213703099510596,0,TOV_KORMOTECH,1,1,5,False,False,True,True,False,False,True,False,True,False,False,False
2871.0,-0.4145595432300163,3.61,0.16,55.7297109021247,0,TOV_KORMOTECH,1,1,6,False,False,True,True,False,False,True,False,True,False,False,False
5836.0,1.0327412051549985,8.09,0.38,65.11309115832762,0,TOV_KORMOTECH,1,1,7,False,False,True,True,False,False,True,False,True,False,False,False
13992.0,1.397532556545579,8.1,0.36,25.728987993138936,0,TOV_KORMOTECH,1,1,8,False,False,True,True,False,False,True,False,True,False,False,False
2273.0,-0.8375500285877644,1.59,0.07,30.796304443466788,0,TOV_KORMOTECH,1,1,9,False,False,True,True,False,False,True,False,True,False,False,False
5770.0,1.5384953805543335,2.77,0.12,20.797227036395146,0,TOV_KORMOTECH,1,1,10,False,False,True,True,False,False,True,False,True,False,False,False
1820.0,-0.6845753899480069,0.87,0.04,21.978021978021978,0,TOV_KORMOTECH,1,1,11,False,False,True,True,False,False,True,False,True,False,False,False
2340.0,0.2857142857142858,1.12,0.05,21.367521367521366,0,TOV_KORMOTECH,1,1,12,False,False,True,True,False,False,True,False,True,False,False,False
2500.0,0.06837606837606836,1.2,0.06,24.0,0,TOV_KORMOTECH,1,1,13,False,False,True,True,False,False,True,False,True,False,False,False
3190.0,0.276,1.53,0.07,21.9435736677116,0,TOV_KORMOTECH,1,1,14,False,False,True,True,False,False,True,False,True,False,False,False
9560.0,1.9968652037617556,4.59,0.22,23.01255230125523,1,TOV_KORMOTECH,1,1,15,False,False,True,True,False,False,True,False,True,False,False,False
1400.0,-0.8535564853556485,0.67,0.03,21.428571428571427,1,TOV_KORMOTECH,1,1,16,False,False,True,True,False,False,True,False,True,False,False,False
12970.0,8.264285714285714,6.23,0.27,20.81727062451812,1,TOV_KORMOTECH,1,1,17,False,False,True,True,False,False,True,False,True,False,False,False
9500.0,-0.2675404780262144,4.56,0.19,20.0,1,TOV_KORMOTECH,1,1,18,False,False,True,True,False,False,True,False,True,False,False,False
3050.0,-0.6789473684210526,1.46,0.07,22.95081967213115,1,TOV_KORMOTECH,1,1,19,False,False,True,True,False,False,True,False,True,False,False,False
4280.0,0.40327868852459026,2.05,0.11,25.700934579439252,1,TOV_KORMOTECH,1,1,20,False,False,True,True,False,False,True,False,True,False,False,False
9200.0,1.1495327102803738,4.42,0.21,22.82608695652174,1,TOV_KORMOTECH,1,1,21,False,False,True,True,False,False,True,False,True,False,False,False
2400.0,-0.7391304347826086,1.15,0.07,29.16666666666667,1,TOV_KORMOTECH,1,1,22,False,False,True,True,False,False,True,False,True,False,False,False
770.0,-0.6791666666666667,0.37,0.02,25.974025974025974,1,TOV_KORMOTECH,1,1,23,False,False,True,True,False,False,True,False,True,False,False,False
1000.0,0.2987012987012987,0.48,0.03,29.999999999999996,1,TOV_KORMOTECH,1,1,24,False,False,True,True,False,False,True,False,True,False,False,False
2500.0,1.5,1.2,0.07,28.000000000000004,1,TOV_KORMOTECH,1,1,25,False,False,True,True,False,False,True,False,True,False,False,False
2330.0,-0.06799999999999995,1.12,0.07,30.042918454935624,1,TOV_KORMOTECH,1,1,26,False,False,True,True,False,False,True,False,True,False,False,False
1300.0,-0.4420600858369099,0.62,0.04,30.769230769230766,1,TOV_KORMOTECH,1,1,27,False,False,True,True,False,False,True,False,True,False,False,False
2200.0,0.6923076923076923,1.06,0.08,36.36363636363637,1,TOV_KORMOTECH,1,1,28,False,False,True,True,False,False,True,False,True,False,False,False
4300.0,0.9545454545454546,2.06,0.14,32.55813953488372,1,TOV_KORMOTECH,1,1,29,False,False,True,True,False,False,True,False,True,False,False,False
6300.0,0.4651162790697674,3.02,0.2,31.746031746031743,1,TOV_KORMOTECH,1,1,30,False,False,True,True,False,False,True,False,True,False,False,False
64392.0,0.0,5.71,0.35,5.43545782084731,0,TOV_KORMOTECH,1,2,1,False,False,True,True,False,False,True,False,False,False,True,False
123816.0,0.9228475587029445,11.49,0.67,5.411255411255412,0,TOV_KORMOTECH,1,2,2,False,False,True,True,False,False,True,False,False,False,True,False
115104.0,-0.07036247334754797,10.67,0.61,5.299555184876286,0,TOV_KORMOTECH,1,2,3,False,False,True,True,False,False,True,False,False,False,True,False
208320.0,0.8098415346121768,19.61,1.13,5.424347158218126,0,TOV_KORMOTECH,1,2,4,False,False,True,True,False,False,True,False,False,False,True,False
98112.0,-0.5290322580645161,8.81,0.55,5.605838225701239,0,TOV_KORMOTECH,1,2,5,False,False,True,True,False,False,True,False,False,False,True,False
328968.0,2.3529843444227008,31.57,1.66,5.0460835096422745,0,TOV_KORMOTECH,1,2,6,False,False,True,True,False,False,True,False,False,False,True,False
150840.0,-0.5414751586780477,14.29,0.74,4.9058605144524,0,TOV_KORMOTECH,1,2,7,False,False,True,True,False,False,True,False,False,False,True,False
180528.0,0.19681782020684158,16.98,0.91,5.040769298945317,0,TOV_KORMOTECH,1,2,8,False,False,True,True,False,False,True,False,False,False,True,False
321696.0,0.7819728795533103,30.18,1.54,4.787128220431712,0,TOV_KORMOTECH,1,2,9,False,False,True,True,False,False,True,False,False,False,True,False
254664.0,-0.20837063563115488,23.12,1.35,5.301102629346904,0,TOV_KORMOTECH,1,2,10,False,False,True,True,False,False,True,False,False,False,True,False
489144.0,0.9207426255772311,45.94,2.3,4.702091817542482,0,TOV_KORMOTECH,1,2,11,False,False,True,True,False,False,True,False,False,False,True,False
426096.0,-0.12889455865757327,40.43,2.18,5.116217941496752,0,TOV_KORMOTECH,1,2,12,False,False,True,True,False,False,True,False,False,False,True,False
743544.0,0.7450152078404866,72.85,3.32,4.465102266980837,0,TOV_KORMOTECH,1,2,13,False,False,True,True,False,False,True,False,False,False,True,False
277056.0,-0.6273845259998063,25.25,1.52,5.486255486255486,0,TOV_KORMOTECH,1,2,14,False,False,True,True,False,False,True,False,False,False,True,False
275040.0,-0.007276507276507305,24.99,1.43,5.199243746364165,1,TOV_KORMOTECH,1,2,15,False,False,True,True,False,False,True,False,False,False,True,False
318264.0,0.1571553228621292,29.62,1.84,5.781363899152905,1,TOV_KORMOTECH,1,2,16,False,False,True,True,False,False,True,False,False,False,True,False
205320.0,-0.3548751979488727,19.04,1.06,5.162672900837717,1,TOV_KORMOTECH,1,2,17,False,False,True,True,False,False,True,False,False,False,True,False
303888.0,0.48007013442431323,28.37,1.65,5.429631969673037,1,TOV_KORMOTECH,1,2,18,False,False,True,True,False,False,True,False,False,False,True,False
184440.0,-0.39306586637182117,17.21,0.99,5.367599219258295,1,TOV_KORMOTECH,1,2,19,False,False,True,True,False,False,True,False,False,False,True,False
379752.0,1.0589459986987637,34.51,2.59,6.820240578061472,1,TOV_KORMOTECH,1,2,20,False,False,True,True,False,False,True,False,False,False,True,False
751560.0,0.9790810844972508,65.77,5.04,6.706051413060834,1,TOV_KORMOTECH,1,2,21,False,False,True,True,False,False,True,False,False,False,True,False
387936.0,-0.48382564266326045,35.19,2.45,6.315474717479172,1,TOV_KORMOTECH,1,2,22,False,False,True,True,False,False,True,False,False,False,True,False
292944.0,-0.24486513239297203,26.38,1.88,6.4176088262603095,1,TOV_KORMOTECH,1,2,23,False,False,True,True,False,False,True,False,False,False,True,False
194040.0,-0.33762084220874977,17.4,1.26,6.4935064935064934,1,TOV_KORMOTECH,1,2,24,False,False,True,True,False,False,True,False,False,False,True,False
193008.0,-0.0053184910327767065,18.21,1.3,6.735472104783222,1,TOV_KORMOTECH,1,2,25,False,False,True,True,False,False,True,False,False,False,True,False
548640.0,1.8425764735140513,52.04,3.79,6.907990667833187,1,TOV_KORMOTECH,1,2,26,False,False,True,True,False,False,True,False,False,False,True,False
331464.0,-0.3958442694663167,31.09,2.34,7.059590181739193,1,TOV_KORMOTECH,1,2,27,False,False,True,True,False,False,True,False,False,False,True,False
475848.0,0.43559481572659475,45.08,3.6,7.5654410652141015,1,TOV_KORMOTECH,1,2,28,False,False,True,True,False,False,True,False,False,False,True,False
636432.0,0.3374691077823171,56.43,4.63,7.274932750081706,1,TOV_KORMOTECH,1,2,29,False,False,True,True,False,False,True,False,False,False,True,False
362112.0,-0.4310279809940418,31.79,2.53,6.986788617886178,1,TOV_KORMOTECH,1,2,30,False,False,True,True,False,False,True,False,False,False,True,False
1079.0,0.0,0.86,0.04,37.071362372567194,0,TOV_KORMOTECH,1,4,1,False,False,True,False,True,False,True,False,True,False,False,False
3413.0,2.163113994439296,2.18,0.12,35.15968356284793,0,TOV_KORMOTECH,1,4,2,False,False,True,False,True,False,True,False,True,False,False,False
912.0,-0.7327864049223557,0.92,0.05,54.824561403508774,0,TOV_KORMOTECH,1,4,3,False,False,True,False,True,False,True,False,True,False,False,False
3344.0,2.6666666666666665,2.92,0.15,44.856459330143544,0,TOV_KORMOTECH,1,4,4,False,False,True,False,True,False,True,False,True,False,False,False
2866.0,-0.14294258373205737,1.77,0.1,34.89183531053733,0,TOV_KORMOTECH,1,4,5,False,False,True,False,True,False,True,False,True,False,False,False
806.0,-0.718771807397069,0.59,0.03,37.220843672456574,0,TOV_KORMOTECH,1,4,6,False,False,True,False,True,False,True,False,True,False,False,False
1199.0,0.48759305210918114,1.59,0.08,66.72226855713095,0,TOV_KORMOTECH,1,4,7,False,False,True,False,True,False,True,False,True,False,False,False
13800.0,10.509591326105088,7.01,0.34,24.637681159420293,0,TOV_KORMOTECH,1,4,8,False,False,True,False,True,False,True,False,True,False,False,False
1439.0,-0.8957246376811594,0.73,0.03,20.847810979847115,0,TOV_KORMOTECH,1,4,9,False,False,True,False,True,False,True,False,True,False,False,False
2280.0,0.5844336344683809,1.09,0.05,21.92982456140351,0,TOV_KORMOTECH,1,4,10,False,False,True,False,True,False,True,False,True,False,False,False
2400.0,0.05263157894736836,1.15,0.06,24.999999999999996,0,TOV_KORMOTECH,1,4,11,False,False,True,False,True,False,True,False,True,False,False,False
378.0,-0.8425,0.27,0.01,26.455026455026456,0,TOV_KORMOTECH,1,4,12,False,False,True,False,True,False,True,False,True,False,False,False
1400.0,2.7037037037037037,0.67,0.03,21.428571428571427,0,TOV_KORMOTECH,1,4,13,False,False,True,False,True,False,True,False,True,False,False,False
1040.0,-0.2571428571428571,0.5,0.02,19.23076923076923,0,TOV_KORMOTECH,1,4,14,False,False,True,False,True,False,True,False,True,False,False,False
9790.0,8.413461538461538,4.7,0.24,24.514811031664962,1,TOV_KORMOTECH,1,4,15,False,False,True,False,True,False,True,False,True,False,False,False
1300.0,-0.8672114402451481,0.62,0.04,30.769230769230766,1,TOV_KORMOTECH,1,4,16,False,False,True,False,True,False,True,False,True,False,False,False
1480.0,0.1384615384615384,0.71,0.04,27.027027027027028,1,TOV_KORMOTECH,1,4,17,False,False,True,False,True,False,True,False,True,False,False,False
2250.0,0.5202702702702702,1.08,0.05,22.222222222222225,1,TOV_KORMOTECH,1,4,18,False,False,True,False,True,False,True,False,True,False,False,False
650.0,-0.7111111111111111,0.31,0.02,30.769230769230766,1,TOV_KORMOTECH,1,4,19,False,False,True,False,True,False,True,False,True,False,False,False
2880.0,3.430769230769231,1.38,0.09,31.25,1,TOV_KORMOTECH,1,4,20,False,False,True,False,True,False,True,False,True,False,False,False
5690.0,0.9756944444444444,2.73,0.14,24.60456942003515,1,TOV_KORMOTECH,1,4,21,False,False,True,False,True,False,True,False,True,False,False,False
4045.0,-0.289103690685413,2.03,0.12,29.66625463535229,1,TOV_KORMOTECH,1,4,22,False,False,True,False,True,False,True,False,True,False,False,False
1200.0,-0.7033374536464772,0.58,0.04,33.333333333333336,1,TOV_KORMOTECH,1,4,23,False,False,True,False,True,False,True,False,True,False,False,False
2520.0,1.1,1.21,0.07,27.77777777777778,1,TOV_KORMOTECH,1,4,24,False,False,True,False,True,False,True,False,True,False,False,False
1550.0,-0.3849206349206349,0.74,0.05,32.25806451612903,1,TOV_KORMOTECH,1,4,25,False,False,True,False,True,False,True,False,True,False,False,False
2634.0,0.6993548387096775,1.25,0.09,34.16856492027335,1,TOV_KORMOTECH,1,4,26,False,False,True,False,True,False,True,False,True,False,False,False
2810.0,0.0668185269552013,1.35,0.08,28.469750889679716,1,TOV_KORMOTECH,1,4,27,False,False,True,False,True,False,True,False,True,False,False,False
3228.0,0.14875444839857654,1.53,0.11,34.07682775712516,1,TOV_KORMOTECH,1,4,28,False,False,True,False,True,False,True,False,True,False,False,False
3974.0,0.23110285006195785,1.91,0.13,32.71263210870659,1,TOV_KORMOTECH,1,4,29,False,False,True,False,True,False,True,False,True,False,False,False
3996.0,0.005535983895319507,1.91,0.12,30.03003003003003,1,TOV_KORMOTECH,1,4,30,False,False,True,False,True,False,True,False,True,False,False,False
23064.0,0.0,2.29,0.13,5.636489767603192,0,TOV_KORMOTECH,1,5,1,False,False,True,False,True,False,True,False,False,False,True,False
20472.0,-0.11238293444328828,2.01,0.12,5.861664712778429,0,TOV_KORMOTECH,1,5,2,False,False,True,False,True,False,True,False,False,False,True,False
34200.0,0.6705744431418523,3.39,0.21,6.140350877192982,0,TOV_KORMOTECH,1,5,3,False,False,True,False,True,False,True,False,False,False,True,False
46008.0,0.34526315789473694,4.49,0.28,6.085898104677448,0,TOV_KORMOTECH,1,5,4,False,False,True,False,True,False,True,False,False,False,True,False
26880.0,-0.415753781950965,2.63,0.16,5.9523809523809526,0,TOV_KORMOTECH,1,5,5,False,False,True,False,True,False,True,False,False,False,True,False
44424.0,0.6526785714285714,4.38,0.28,6.3028993336935,0,TOV_KORMOTECH,1,5,6,False,False,True,False,True,False,True,False,False,False,True,False
47904.0,0.07833603457590499,4.74,0.29,6.053774215096859,0,TOV_KORMOTECH,1,5,7,False,False,True,False,True,False,True,False,False,False,True,False
45408.0,-0.05210420841683372,4.52,0.26,5.725863284002819,0,TOV_KORMOTECH,1,5,8,False,False,True,False,True,False,True,False,False,False,True,False
28848.0,-0.36469344608879495,2.82,0.17,5.8929561841375495,0,TOV_KORMOTECH,1,5,9,False,False,True,False,True,False,True,False,False,False,True,False
41616.0,0.44259567387687193,4.13,0.24,5.767012687427912,0,TOV_KORMOTECH,1,5,10,False,False,True,False,True,False,True,False,False,False,True,False
58416.0,0.4036908881199539,5.71,0.34,5.820323199123528,0,TOV_KORMOTECH,1,5,11,False,False,True,False,True,False,True,False,False,False,True,False
66600.0,0.14009860312243227,6.59,0.38,5.7057057057057055,0,TOV_KORMOTECH,1,5,12,False,False,True,False,True,False,True,False,False,False,True,False
32880.0,-0.5063063063063062,3.27,0.19,5.778588807785888,0,TOV_KORMOTECH,1,5,13,False,False,True,False,True,False,True,False,False,False,True,False
65952.0,1.0058394160583943,6.52,0.39,5.913391557496361,0,TOV_KORMOTECH,1,5,14,False,False,True,False,True,False,True,False,False,False,True,False
42264.0,-0.3591703056768559,4.12,0.25,5.915199697141776,1,TOV_KORMOTECH,1,5,15,False,False,True,False,True,False,True,False,False,False,True,False
99072.0,1.34412265758092,9.87,0.63,6.359011627906977,1,TOV_KORMOTECH,1,5,16,False,False,True,False,True,False,True,False,False,False,True,False
29880.0,-0.6984011627906976,2.91,0.17,5.689424364123159,1,TOV_KORMOTECH,1,5,17,False,False,True,False,True,False,True,False,False,False,True,False
32016.0,0.07148594377510031,3.18,0.17,5.3098450774612695,1,TOV_KORMOTECH,1,5,18,False,False,True,False,True,False,True,False,False,False,True,False
40464.0,0.2638680659670165,3.93,0.25,6.178331356267299,1,TOV_KORMOTECH,1,5,19,False,False,True,False,True,False,True,False,False,False,True,False
122856.0,2.0361803084223014,12.05,0.84,6.837272904864231,1,TOV_KORMOTECH,1,5,20,False,False,True,False,True,False,True,False,False,False,True,False
214920.0,0.7493651103731198,20.69,1.52,7.072399032198027,1,TOV_KORMOTECH,1,5,21,False,False,True,False,True,False,True,False,False,False,True,False
83424.0,-0.6118369625907314,8.25,0.58,6.952435749904104,1,TOV_KORMOTECH,1,5,22,False,False,True,False,True,False,True,False,False,False,True,False
42984.0,-0.48475258918296893,4.2,0.3,6.979341150195421,1,TOV_KORMOTECH,1,5,23,False,False,True,False,True,False,True,False,False,False,True,False
55824.0,0.29871580122836394,5.5,0.39,6.986242476354256,1,TOV_KORMOTECH,1,5,24,False,False,True,False,True,False,True,False,False,False,True,False
51096.0,-0.08469475494411005,5.02,0.37,7.241271332393925,1,TOV_KORMOTECH,1,5,25,False,False,True,False,True,False,True,False,False,False,True,False
123552.0,1.4180366369187412,12.32,0.92,7.446257446257446,1,TOV_KORMOTECH,1,5,26,False,False,True,False,True,False,True,False,False,False,True,False
90888.0,-0.2643745143745144,9.09,0.72,7.921837866385001,1,TOV_KORMOTECH,1,5,27,False,False,True,False,True,False,True,False,False,False,True,False
85080.0,-0.06390282545550563,8.51,0.63,7.404795486600846,1,TOV_KORMOTECH,1,5,28,False,False,True,False,True,False,True,False,False,False,True,False
139980.0,0.6452750352609309,14.0,1.08,7.715387912558937,1,TOV_KORMOTECH,1,5,29,False,False,True,False,True,False,True,False,False,False,True,False
72960.0,-0.4787826832404629,7.3,0.51,6.990131578947368,1,TOV_KORMOTECH,1,5,30,False,False,True,False,True,False,True,False,False,False,True,False
2376.0,0.0,1.93,0.21,88.38383838383838,0,TOV_KORMOTECH,1,7,1,False,False,True,True,False,False,False,True,True,False,False,False
6584.0,1.7710437710437712,4.73,0.6,91.13001215066828,0,TOV_KORMOTECH,1,7,2,False,False,True,True,False,False,False,True,True,False,False,False
6958.0,0.056804374240583266,5.11,0.58,83.35728657660246,0,TOV_KORMOTECH,1,7,3,False,False,True,True,False,False,False,True,True,False,False,False
7160.0,0.029031330842196112,5.59,0.59,82.4022346368715,0,TOV_KORMOTECH,1,7,4,False,False,True,True,False,False,False,True,True,False,False,False
2936.0,-0.5899441340782123,2.64,0.3,102.17983651226157,0,TOV_KORMOTECH,1,7,5,False,False,True,True,False,False,False,True,True,False,False,False
4970.0,0.6927792915531334,4.1,0.43,86.51911468812878,0,TOV_KORMOTECH,1,7,6,False,False,True,True,False,False,False,True,True,False,False,False
13903.0,1.7973843058350099,7.7,0.56,40.27907645831835,0,TOV_KORMOTECH,1,7,7,False,False,True,True,False,False,False,True,True,False,False,False
3268.0,-0.7649428180968136,2.74,0.27,82.61933904528765,0,TOV_KORMOTECH,1,7,8,False,False,True,True,False,False,False,True,True,False,False,False
10671.0,2.265299877600979,3.95,0.35,32.799175335020145,0,TOV_KORMOTECH,1,7,9,False,False,True,True,False,False,False,True,True,False,False,False
143.0,-0.986599194077406,0.19,0.02,139.86013986013987,0,TOV_KORMOTECH,1,7,10,False,False,True,True,False,False,False,True,True,False,False,False
120.0,-0.16083916083916083,0.04,0.0,0.0,0,TOV_KORMOTECH,1,7,11,False,False,True,True,False,False,False,True,True,False,False,False
370.0,2.0833333333333335,0.39,0.04,108.10810810810811,0,TOV_KORMOTECH,1,7,12,False,False,True,True,False,False,False,True,True,False,False,False
12.0,-0.9675675675675676,0.05,0.01,833.3333333333334,0,TOV_KORMOTECH,1,7,13,False,False,True,True,False,False,False,True,True,False,False,False
2516.0,208.66666666666666,2.54,0.26,103.33863275039745,0,TOV_KORMOTECH,1,7,14,False,False,True,True,False,False,False,True,True,False,False,False
2460.0,-0.022257551669316422,0.97,0.1,40.65040650406504,1,TOV_KORMOTECH,1,7,15,False,False,True,True,False,False,False,True,True,False,False,False
15092.0,5.134959349593496,5.13,0.63,41.74397031539889,1,TOV_KORMOTECH,1,7,16,False,False,True,True,False,False,False,True,True,False,False,False
16252.0,0.07686191359660755,5.82,0.71,43.68693083928132,1,TOV_KORMOTECH,1,7,17,False,False,True,True,False,False,False,True,True,False,False,False
1104.0,-0.9320698990893428,0.52,0.06,54.347826086956516,1,TOV_KORMOTECH,1,7,18,False,False,True,True,False,False,False,True,True,False,False,False
2432.0,1.2028985507246377,0.84,0.08,32.89473684210526,1,TOV_KORMOTECH,1,7,19,False,False,True,True,False,False,False,True,True,False,False,False
2176.0,-0.10526315789473684,1.03,0.12,55.147058823529406,1,TOV_KORMOTECH,1,7,20,False,False,True,True,False,False,False,True,True,False,False,False
5770.0,1.651654411764706,2.43,0.26,45.060658578856156,1,TOV_KORMOTECH,1,7,21,False,False,True,True,False,False,False,True,True,False,False,False
1000.0,-0.8266897746967071,0.37,0.04,40.0,1,TOV_KORMOTECH,1,7,22,False,False,True,True,False,False,False,True,True,False,False,False
2408.0,1.408,0.88,0.1,41.52823920265781,1,TOV_KORMOTECH,1,7,23,False,False,True,True,False,False,False,True,True,False,False,False
5200.0,1.1594684385382061,1.9,0.22,42.30769230769231,1,TOV_KORMOTECH,1,7,24,False,False,True,True,False,False,False,True,True,False,False,False
16702.0,2.211923076923077,5.68,0.85,50.89210872949347,1,TOV_KORMOTECH,1,7,25,False,False,True,True,False,False,False,True,True,False,False,False
3242.0,-0.8058915099988025,1.4,0.17,52.436767427513885,1,TOV_KORMOTECH,1,7,26,False,False,True,True,False,False,False,True,True,False,False,False
11236.0,2.4657618753855646,3.95,0.55,48.9498042007832,1,TOV_KORMOTECH,1,7,27,False,False,True,True,False,False,False,True,True,False,False,False
792.0,-0.9295122819508722,0.43,0.06,75.75757575757575,1,TOV_KORMOTECH,1,7,28,False,False,True,True,False,False,False,True,True,False,False,False
8200.0,9.353535353535353,3.3,0.33,40.243902439024396,1,TOV_KORMOTECH,1,7,29,False,False,True,True,False,False,False,True,True,False,False,False
16224.0,0.9785365853658536,5.68,0.7,43.145956607495066,1,TOV_KORMOTECH,1,7,30,False,False,True,True,False,False,False,True,True,False,False,False
25680.0,0.0,2.18,0.31,12.071651090342678,0,TOV_KORMOTECH,1,9,1,False,False,True,True,False,False,False,True,False,False,True,False
63024.0,1.4542056074766356,5.36,0.68,10.78954049251079,0,TOV_KORMOTECH,1,9,2,False,False,True,True,False,False,False,True,False,False,True,False
34344.0,-0.45506473724295504,2.92,0.43,12.520382017237363,0,TOV_KORMOTECH,1,9,3,False,False,True,True,False,False,False,True,False,False,True,False
25824.0,-0.2480782669461915,2.2,0.3,11.617100371747211,0,TOV_KORMOTECH,1,9,4,False,False,True,True,False,False,False,True,False,False,True,False
22152.0,-0.14219330855018586,1.88,0.25,11.285662694113398,0,TOV_KORMOTECH,1,9,5,False,False,True,True,False,False,False,True,False,False,True,False
26772.0,0.20855904658721558,2.28,0.32,11.952786493351262,0,TOV_KORMOTECH,1,9,6,False,False,True,True,False,False,False,True,False,False,True,False
25104.0,-0.06230389959659344,2.13,0.26,10.35691523263225,0,TOV_KORMOTECH,1,9,7,False,False,True,True,False,False,False,True,False,False,True,False
26724.0,0.06453154875717027,2.27,0.29,10.851668911839544,0,TOV_KORMOTECH,1,9,8,False,False,True,True,False,False,False,True,False,False,True,False
71184.0,1.663673102828918,6.05,0.71,9.974151494717914,0,TOV_KORMOTECH,1,9,9,False,False,True,True,False,False,False,True,False,False,True,False
50832.0,-0.2859069453809845,4.32,0.54,10.623229461756376,0,TOV_KORMOTECH,1,9,10,False,False,True,True,False,False,False,True,False,False,True,False
92316.0,0.8161000944287062,7.85,0.92,9.965769747389402,0,TOV_KORMOTECH,1,9,11,False,False,True,True,False,False,False,True,False,False,True,False
75768.0,-0.17925386715195635,6.44,0.78,10.294583465315172,0,TOV_KORMOTECH,1,9,12,False,False,True,True,False,False,False,True,False,False,True,False
82500.0,0.08885017421602792,7.01,0.92,11.151515151515152,0,TOV_KORMOTECH,1,9,13,False,False,True,True,False,False,False,True,False,False,True,False
114408.0,0.3867636363636364,9.72,1.28,11.188028809174183,0,TOV_KORMOTECH,1,9,14,False,False,True,True,False,False,False,True,False,False,True,False
70908.0,-0.38021816656177887,6.03,0.75,10.57708580132002,1,TOV_KORMOTECH,1,9,15,False,False,True,True,False,False,False,True,False,False,True,False
54396.0,-0.23286512100186152,4.62,0.62,11.397896904184131,1,TOV_KORMOTECH,1,9,16,False,False,True,True,False,False,False,True,False,False,True,False
82296.0,0.5129053606882858,7.0,0.88,10.6931078059687,1,TOV_KORMOTECH,1,9,17,False,False,True,True,False,False,False,True,False,False,True,False
63276.0,-0.23111694371536895,5.38,0.63,9.9563815664707,1,TOV_KORMOTECH,1,9,18,False,False,True,True,False,False,False,True,False,False,True,False
50868.0,-0.1960933055186801,4.32,0.56,11.008885743492963,1,TOV_KORMOTECH,1,9,19,False,False,True,True,False,False,False,True,False,False,True,False
82008.0,0.6121726822363764,6.97,1.04,12.68168959125939,1,TOV_KORMOTECH,1,9,20,False,False,True,True,False,False,False,True,False,False,True,False
155280.0,0.8934738074334212,13.2,1.95,12.557959814528594,1,TOV_KORMOTECH,1,9,21,False,False,True,True,False,False,False,True,False,False,True,False
154932.0,-0.0022411128284389736,13.17,1.85,11.940722381431854,1,TOV_KORMOTECH,1,9,22,False,False,True,True,False,False,False,True,False,False,True,False
72840.0,-0.5298582603981101,6.19,0.92,12.630422844590884,1,TOV_KORMOTECH,1,9,23,False,False,True,True,False,False,False,True,False,False,True,False
158460.0,1.1754530477759473,13.47,2.08,13.126341032437209,1,TOV_KORMOTECH,1,9,24,False,False,True,True,False,False,False,True,False,False,True,False
127944.0,-0.19257856872396817,10.88,1.52,11.88019758644407,1,TOV_KORMOTECH,1,9,25,False,False,True,True,False,False,False,True,False,False,True,False
141924.0,0.10926655411742647,12.06,1.65,11.625940644288493,1,TOV_KORMOTECH,1,9,26,False,False,True,True,False,False,False,True,False,False,True,False
105612.0,-0.2558552464699416,8.98,1.54,14.581676324660076,1,TOV_KORMOTECH,1,9,27,False,False,True,True,False,False,False,True,False,False,True,False
100080.0,-0.05238041131689586,8.51,1.44,14.388489208633093,1,TOV_KORMOTECH,1,9,28,False,False,True,True,False,False,False,True,False,False,True,False
80916.0,-0.1914868105515588,6.88,1.04,12.852835038805676,1,TOV_KORMOTECH,1,9,29,False,False,True,True,False,False,False,True,False,False,True,False
134520.0,0.6624647782885955,11.43,1.86,13.826940231935772,1,TOV_KORMOTECH,1,9,30,False,False,True,True,False,False,False,True,False,False,True,False
864.0,0.0,0.07,0.01,11.574074074074073,0,TOV_KORMOTECH,1,11,1,False,False,True,False,True,False,False,True,False,False,True,False
15048.0,16.416666666666668,1.28,0.15,9.96810207336523,0,TOV_KORMOTECH,1,11,2,False,False,True,False,True,False,False,True,False,False,True,False
5100.0,-0.6610845295055822,0.43,0.06,11.76470588235294,0,TOV_KORMOTECH,1,11,3,False,False,True,False,True,False,False,True,False,False,True,False
9948.0,0.9505882352941177,0.85,0.11,11.057498994772818,0,TOV_KORMOTECH,1,11,4,False,False,True,False,True,False,False,True,False,False,True,False
2820.0,-0.7165259348612787,0.24,0.03,10.638297872340424,0,TOV_KORMOTECH,1,11,5,False,False,True,False,True,False,False,True,False,False,True,False
3960.0,0.4042553191489362,0.34,0.05,12.626262626262626,0,TOV_KORMOTECH,1,11,6,False,False,True,False,True,False,False,True,False,False,True,False
4548.0,0.14848484848484844,0.39,0.05,10.993843447669306,0,TOV_KORMOTECH,1,11,7,False,False,True,False,True,False,False,True,False,False,True,False
3948.0,-0.13192612137203164,0.34,0.04,10.131712259371833,0,TOV_KORMOTECH,1,11,8,False,False,True,False,True,False,False,True,False,False,True,False
16692.0,3.2279635258358663,1.42,0.18,10.783608914450035,0,TOV_KORMOTECH,1,11,9,False,False,True,False,True,False,False,True,False,False,True,False
10296.0,-0.383177570093458,0.88,0.11,10.683760683760683,0,TOV_KORMOTECH,1,11,10,False,False,True,False,True,False,False,True,False,False,True,False
10836.0,0.0524475524475525,0.92,0.11,10.151347360649686,0,TOV_KORMOTECH,1,11,11,False,False,True,False,True,False,False,True,False,False,True,False
4536.0,-0.5813953488372092,0.39,0.05,11.022927689594358,0,TOV_KORMOTECH,1,11,12,False,False,True,False,True,False,False,True,False,False,True,False
3264.0,-0.28042328042328046,0.28,0.04,12.254901960784313,0,TOV_KORMOTECH,1,11,13,False,False,True,False,True,False,False,True,False,False,True,False
15684.0,3.805147058823529,1.33,0.17,10.839071665391481,0,TOV_KORMOTECH,1,11,14,False,False,True,False,True,False,False,True,False,False,True,False
9120.0,-0.41851568477429224,0.78,0.1,10.964912280701755,1,TOV_KORMOTECH,1,11,15,False,False,True,False,True,False,False,True,False,False,True,False
6552.0,-0.28157894736842104,0.56,0.08,12.21001221001221,1,TOV_KORMOTECH,1,11,16,False,False,True,False,True,False,False,True,False,False,True,False
5916.0,-0.09706959706959706,0.5,0.06,10.141987829614603,1,TOV_KORMOTECH,1,11,17,False,False,True,False,True,False,False,True,False,False,True,False
10308.0,0.7423935091277891,0.88,0.14,13.581684128831977,1,TOV_KORMOTECH,1,11,18,False,False,True,False,True,False,False,True,False,False,True,False
2904.0,-0.7182770663562281,0.25,0.03,10.330578512396693,1,TOV_KORMOTECH,1,11,19,False,False,True,False,True,False,False,True,False,False,True,False
1584.0,-0.4545454545454546,0.13,0.02,12.626262626262626,1,TOV_KORMOTECH,1,11,20,False,False,True,False,True,False,False,True,False,False,True,False
18576.0,10.727272727272727,1.58,0.22,11.843238587424635,1,TOV_KORMOTECH,1,11,21,False,False,True,False,True,False,False,True,False,False,True,False
7164.0,-0.6143410852713178,0.61,0.09,12.56281407035176,1,TOV_KORMOTECH,1,11,22,False,False,True,False,True,False,False,True,False,False,True,False
1848.0,-0.7420435510887773,0.16,0.02,10.822510822510823,1,TOV_KORMOTECH,1,11,23,False,False,True,False,True,False,False,True,False,False,True,False
1008.0,-0.4545454545454546,0.09,0.02,19.841269841269842,1,TOV_KORMOTECH,1,11,24,False,False,True,False,True,False,False,True,False,False,True,False
4728.0,3.6904761904761907,0.4,0.05,10.575296108291033,1,TOV_KORMOTECH,1,11,25,False,False,True,False,True,False,False,True,False,False,True,False
4068.0,-0.13959390862944165,0.35,0.05,12.291052114060964,1,TOV_KORMOTECH,1,11,26,False,False,True,False,True,False,False,True,False,False,True,False
82260.0,19.221238938053098,8.21,0.93,11.305616338439096,1,TOV_KORMOTECH,1,11,27,False,False,True,False,True,False,False,True,False,False,True,False
6768.0,-0.9177242888402626,0.68,0.09,13.297872340425531,1,TOV_KORMOTECH,1,11,28,False,False,True,False,True,False,False,True,False,False,True,False
9888.0,0.46099290780141855,0.99,0.13,13.147249190938512,1,TOV_KORMOTECH,1,11,29,False,False,True,False,True,False,False,True,False,False,True,False
13524.0,0.36771844660194164,1.35,0.16,11.830819284235433,1,TOV_KORMOTECH,1,11,30,False,False,True,False,True,False,False,True,False,False,True,False
204000.0,0.0,18.58,0.78,3.8235294117647065,0,TOV_KORMOTECH,1,15,1,False,False,True,True,False,True,False,False,False,False,True,False
549648.0,1.6943529411764704,50.09,2.39,4.348237417401683,0,TOV_KORMOTECH,1,15,2,False,False,True,True,False,True,False,False,False,False,True,False
180672.0,-0.6712950833988298,16.7,0.69,3.8190754516471834,0,TOV_KORMOTECH,1,15,3,False,False,True,True,False,True,False,False,False,False,True,False
346608.0,0.9184378320935176,30.77,1.26,3.6352305774823432,0,TOV_KORMOTECH,1,15,4,False,False,True,True,False,True,False,False,False,False,True,False
530136.0,0.5294972995429996,48.5,2.14,4.036700016599514,0,TOV_KORMOTECH,1,15,5,False,False,True,True,False,True,False,False,False,False,True,False
591072.0,0.11494408981846171,54.92,2.32,3.925071734069623,0,TOV_KORMOTECH,1,15,6,False,False,True,True,False,True,False,False,False,False,True,False
272472.0,-0.539020626928699,24.81,1.0,3.6701018820282454,0,TOV_KORMOTECH,1,15,7,False,False,True,True,False,True,False,False,False,False,True,False
248064.0,-0.0895798467365454,22.11,0.88,3.547471620227038,0,TOV_KORMOTECH,1,15,8,False,False,True,True,False,True,False,False,False,False,True,False
444864.0,0.793343653250774,40.6,1.77,3.9787440656020716,0,TOV_KORMOTECH,1,15,9,False,False,True,True,False,True,False,False,False,False,True,False
639648.0,0.4378506689684938,59.06,2.47,3.861498824353395,0,TOV_KORMOTECH,1,15,10,False,False,True,True,False,True,False,False,False,False,True,False
770760.0,0.20497523638000903,71.17,2.98,3.8663137682287614,0,TOV_KORMOTECH,1,15,11,False,False,True,True,False,True,False,False,False,False,True,False
540648.0,-0.2985520784680056,47.14,1.94,3.5882866486142553,0,TOV_KORMOTECH,1,15,12,False,False,True,True,False,True,False,False,False,False,True,False
295920.0,-0.4526568118258091,25.66,1.09,3.6834279535009466,0,TOV_KORMOTECH,1,15,13,False,False,True,True,False,True,False,False,False,False,True,False
386400.0,0.30575831305758316,36.02,1.62,4.192546583850932,0,TOV_KORMOTECH,1,15,14,False,False,True,True,False,True,False,False,False,False,True,False
283392.0,-0.266583850931677,25.29,1.17,4.128556910569106,1,TOV_KORMOTECH,1,15,15,False,False,True,True,False,True,False,False,False,False,True,False
385800.0,0.36136517615176156,36.18,1.51,3.9139450492483157,1,TOV_KORMOTECH,1,15,16,False,False,True,True,False,True,False,False,False,False,True,False
145512.0,-0.6228304821150855,13.51,0.56,3.848479850459069,1,TOV_KORMOTECH,1,15,17,False,False,True,True,False,True,False,False,False,False,True,False
423672.0,1.9115949200065976,38.23,1.67,3.9417285069582126,1,TOV_KORMOTECH,1,15,18,False,False,True,True,False,True,False,False,False,False,True,False
315552.0,-0.2551974168696539,28.69,1.38,4.37328871311226,1,TOV_KORMOTECH,1,15,19,False,False,True,True,False,True,False,False,False,False,True,False
397152.0,0.25859446303620315,37.68,2.04,5.136572395455644,1,TOV_KORMOTECH,1,15,20,False,False,True,True,False,True,False,False,False,False,True,False
574512.0,0.4465796470872614,53.1,2.86,4.978137967527223,1,TOV_KORMOTECH,1,15,21,False,False,True,True,False,True,False,False,False,False,True,False
637896.0,0.11032667724956147,58.43,3.01,4.718637520849793,1,TOV_KORMOTECH,1,15,22,False,False,True,True,False,True,False,False,False,False,True,False
502872.0,-0.21167086797847923,46.31,2.54,5.050987129925707,1,TOV_KORMOTECH,1,15,23,False,False,True,True,False,True,False,False,False,False,True,False
17568.0,-0.965064668543884,1.76,0.09,5.122950819672131,1,TOV_KORMOTECH,1,15,24,False,False,True,True,False,True,False,False,False,False,True,False
398016.0,21.65573770491803,37.04,2.12,5.3264190384306165,1,TOV_KORMOTECH,1,15,25,False,False,True,True,False,True,False,False,False,False,True,False
671232.0,0.6864447660395563,61.92,3.63,5.407966247139588,1,TOV_KORMOTECH,1,15,26,False,False,True,True,False,True,False,False,False,False,True,False
741744.0,0.10504862700228834,69.55,4.09,5.514031795336396,1,TOV_KORMOTECH,1,15,27,False,False,True,True,False,True,False,False,False,False,True,False
1799184.0,1.4256131495502493,165.93,10.39,5.774840149756779,1,TOV_KORMOTECH,1,15,28,False,False,True,True,False,True,False,False,False,False,True,False
651432.0,-0.6379291945682042,61.68,3.85,5.910056613737121,1,TOV_KORMOTECH,1,15,29,False,False,True,True,False,True,False,False,False,False,True,False
345552.0,-0.46955016026231444,31.28,2.04,5.903597721905821,1,TOV_KORMOTECH,1,15,30,False,False,True,True,False,True,False,False,False,False,True,False
127824.0,0.0,10.23,0.46,3.5986982100388034,0,TOV_KORMOTECH,1,17,1,False,False,True,True,False,True,False,False,False,False,True,False
78840.0,-0.38321441982726245,6.31,0.29,3.6783358701166917,0,TOV_KORMOTECH,1,17,2,False,False,True,True,False,True,False,False,False,False,True,False
43200.0,-0.452054794520548,3.46,0.16,3.7037037037037037,0,TOV_KORMOTECH,1,17,3,False,False,True,True,False,True,False,False,False,False,True,False
182880.0,3.2333333333333334,14.63,0.65,3.5542432195975504,0,TOV_KORMOTECH,1,17,4,False,False,True,True,False,True,False,False,False,False,True,False
117744.0,-0.35616797900262465,9.42,0.44,3.7369207772795217,0,TOV_KORMOTECH,1,17,5,False,False,True,True,False,True,False,False,False,False,True,False
75144.0,-0.36180187525479,6.01,0.27,3.593101245608432,0,TOV_KORMOTECH,1,17,6,False,False,True,True,False,True,False,False,False,False,True,False
101376.0,0.3490897476844459,8.11,0.33,3.2552083333333335,0,TOV_KORMOTECH,1,17,7,False,False,True,True,False,True,False,False,False,False,True,False
56424.0,-0.44341856060606055,4.51,0.2,3.544590954203885,0,TOV_KORMOTECH,1,17,8,False,False,True,True,False,True,False,False,False,False,True,False
91152.0,0.6154827732879626,7.29,0.32,3.5106196243637,0,TOV_KORMOTECH,1,17,9,False,False,True,True,False,True,False,False,False,False,True,False
223008.0,1.4465508162190628,17.84,0.72,3.2285837279380107,0,TOV_KORMOTECH,1,17,10,False,False,True,True,False,True,False,False,False,False,True,False
209736.0,-0.05951356005165731,16.78,0.73,3.480566044932677,0,TOV_KORMOTECH,1,17,11,False,False,True,True,False,True,False,False,False,False,True,False
81888.0,-0.609566311935004,6.55,0.28,3.4193044157874173,0,TOV_KORMOTECH,1,17,12,False,False,True,True,False,True,False,False,False,False,True,False
124848.0,0.5246189917936694,9.99,0.44,3.5242855312059462,0,TOV_KORMOTECH,1,17,13,False,False,True,True,False,True,False,False,False,False,True,False
109200.0,-0.12533640907343324,8.74,0.42,3.846153846153846,0,TOV_KORMOTECH,1,17,14,False,False,True,True,False,True,False,False,False,False,True,False
832560.0,6.624175824175824,66.6,2.84,3.411165561641203,1,TOV_KORMOTECH,1,17,15,False,False,True,True,False,True,False,False,False,False,True,False
99192.0,-0.880859037186509,7.94,0.39,3.93176869102347,1,TOV_KORMOTECH,1,17,16,False,False,True,True,False,True,False,False,False,False,True,False
53880.0,-0.45681103314783456,4.31,0.2,3.7119524870081664,1,TOV_KORMOTECH,1,17,17,False,False,True,True,False,True,False,False,False,False,True,False
61056.0,0.13318485523385304,4.88,0.21,3.4394654088050314,1,TOV_KORMOTECH,1,17,18,False,False,True,True,False,True,False,False,False,False,True,False
38280.0,-0.3730345911949685,3.06,0.17,4.440961337513062,1,TOV_KORMOTECH,1,17,19,False,False,True,True,False,True,False,False,False,False,True,False
7152.0,-0.8131661442006269,0.57,0.03,4.194630872483221,1,TOV_KORMOTECH,1,17,20,False,False,True,True,False,True,False,False,False,False,True,False
63072.0,7.818791946308725,5.05,0.3,4.756468797564687,1,TOV_KORMOTECH,1,17,21,False,False,True,True,False,True,False,False,False,False,True,False
19008.0,-0.6986301369863014,1.52,0.09,4.734848484848484,1,TOV_KORMOTECH,1,17,22,False,False,True,True,False,True,False,False,False,False,True,False
42048.0,1.212121212121212,3.36,0.2,4.756468797564688,1,TOV_KORMOTECH,1,17,23,False,False,True,True,False,True,False,False,False,False,True,False
10368.0,-0.7534246575342466,0.83,0.05,4.822530864197531,1,TOV_KORMOTECH,1,17,24,False,False,True,True,False,True,False,False,False,False,True,False
130512.0,11.587962962962964,10.44,0.66,5.057006252298639,1,TOV_KORMOTECH,1,17,25,False,False,True,True,False,True,False,False,False,False,True,False
146304.0,0.12100036778227286,11.7,0.74,5.057961504811899,1,TOV_KORMOTECH,1,17,26,False,False,True,True,False,True,False,False,False,False,True,False
97008.0,-0.33694225721784776,7.76,0.5,5.154214085436252,1,TOV_KORMOTECH,1,17,27,False,False,True,True,False,True,False,False,False,False,True,False
9792.0,-0.8990598713508164,0.78,0.05,5.106209150326798,1,TOV_KORMOTECH,1,17,28,False,False,True,True,False,True,False,False,False,False,True,False
11520.0,0.17647058823529416,0.92,0.07,6.076388888888889,1,TOV_KORMOTECH,1,17,29,False,False,True,True,False,True,False,False,False,False,True,False
25344.0,1.2000000000000002,2.03,0.15,5.918560606060606,1,TOV_KORMOTECH,1,17,30,False,False,True,True,False,True,False,False,False,False,True,False
54648.0,0.0,91.24,3.97,72.64675742936613,0,TOV_KORMOTECH,1,18,1,False,False,True,True,False,True,False,False,True,False,False,False
13066.0,-0.7609061630800762,43.68,1.81,138.52747589162712,0,TOV_KORMOTECH,1,18,2,False,False,True,True,False,True,False,False,True,False,False,False
6264.0,-0.5205877850910761,30.07,1.22,194.76372924648786,0,TOV_KORMOTECH,1,18,3,False,False,True,True,False,True,False,False,True,False,False,False
21804.0,2.4808429118773945,46.2,1.92,88.05723720418271,0,TOV_KORMOTECH,1,18,4,False,False,True,True,False,True,False,False,True,False,False,False
27304.0,0.25224729407448176,81.48,3.37,123.42513917374743,0,TOV_KORMOTECH,1,18,5,False,False,True,True,False,True,False,False,True,False,False,False
46728.0,0.7113975974216231,103.05,4.27,91.37990070193459,0,TOV_KORMOTECH,1,18,6,False,False,True,True,False,True,False,False,True,False,False,False
18360.0,-0.6070878274268106,33.12,1.33,72.44008714596951,0,TOV_KORMOTECH,1,18,7,False,False,True,True,False,True,False,False,True,False,False,False
3960.0,-0.7843137254901961,15.84,0.6,151.5151515151515,0,TOV_KORMOTECH,1,18,8,False,False,True,True,False,True,False,False,True,False,False,False
30264.0,6.642424242424243,50.52,2.02,66.74596880782448,0,TOV_KORMOTECH,1,18,9,False,False,True,True,False,True,False,False,True,False,False,False
19800.0,-0.3457573354480571,34.85,1.37,69.1919191919192,0,TOV_KORMOTECH,1,18,10,False,False,True,True,False,True,False,False,True,False,False,False
43800.0,1.212121212121212,134.02,5.05,115.29680365296802,0,TOV_KORMOTECH,1,18,11,False,False,True,True,False,True,False,False,True,False,False,False
30995.0,-0.29235159817351597,59.15,2.39,77.10921116309082,0,TOV_KORMOTECH,1,18,12,False,False,True,True,False,True,False,False,True,False,False,False
29132.0,-0.060106468785287914,87.03,3.48,119.45626802141975,0,TOV_KORMOTECH,1,18,13,False,False,True,True,False,True,False,False,True,False,False,False
10692.0,-0.6329809144583276,51.32,2.12,198.27908716797606,0,TOV_KORMOTECH,1,18,14,False,False,True,True,False,True,False,False,True,False,False,False
48538.0,3.5396558174335953,113.37,4.82,99.3036383864189,1,TOV_KORMOTECH,1,18,15,False,False,True,True,False,True,False,False,True,False,False,False
47232.0,-0.02690675347150684,72.35,3.19,67.5389566395664,1,TOV_KORMOTECH,1,18,16,False,False,True,True,False,True,False,False,True,False,False,False
10800.0,-0.7713414634146342,31.76,1.32,122.22222222222221,1,TOV_KORMOTECH,1,18,17,False,False,True,True,False,True,False,False,True,False,False,False
42768.0,2.96,88.07,3.88,90.72203516647961,1,TOV_KORMOTECH,1,18,18,False,False,True,True,False,True,False,False,True,False,False,False
19404.0,-0.5462962962962963,36.12,1.6,82.45722531436817,1,TOV_KORMOTECH,1,18,19,False,False,True,True,False,True,False,False,True,False,False,False
19860.0,0.023500309214594894,73.73,4.05,203.9274924471299,1,TOV_KORMOTECH,1,18,20,False,False,True,True,False,True,False,False,True,False,False,False
24144.0,0.21570996978851964,60.5,3.14,130.05301524188204,1,TOV_KORMOTECH,1,18,21,False,False,True,True,False,True,False,False,True,False,False,False
58368.0,1.4174950298210733,123.64,6.32,108.27850877192982,1,TOV_KORMOTECH,1,18,22,False,False,True,True,False,True,False,False,True,False,False,False
36671.0,-0.37172765899122806,79.67,4.45,121.34929508330833,1,TOV_KORMOTECH,1,18,23,False,False,True,True,False,True,False,False,True,False,False,False
28560.0,-0.22118295110577846,83.85,4.76,166.66666666666666,1,TOV_KORMOTECH,1,18,24,False,False,True,True,False,True,False,False,True,False,False,False
38604.0,0.35168067226890765,111.43,6.68,173.03906330950159,1,TOV_KORMOTECH,1,18,25,False,False,True,True,False,True,False,False,True,False,False,False
45288.0,0.17314267951507611,101.75,6.2,136.90160748984277,1,TOV_KORMOTECH,1,18,26,False,False,True,True,False,True,False,False,True,False,False,False
42600.0,-0.059353471118177015,82.46,4.94,115.962441314554,1,TOV_KORMOTECH,1,18,27,False,False,True,True,False,True,False,False,True,False,False,False
32448.0,-0.23830985915492953,97.86,6.16,189.8422090729783,1,TOV_KORMOTECH,1,18,28,False,False,True,True,False,True,False,False,True,False,False,False
57528.0,0.7729289940828403,139.05,8.74,151.9260186344041,1,TOV_KORMOTECH,1,18,29,False,False,True,True,False,True,False,False,True,False,False,False
52932.0,-0.07989153108051728,145.32,8.93,168.70702032796794,1,TOV_KORMOTECH,1,18,30,False,False,True,True,False,True,False,False,True,False,False,False
28638.0,0.0,79.75,3.29,114.88232418464976,0,TOV_KORMOTECH,1,27,1,True,False,False,True,False,False,True,False,False,False,False,True
40408.0,0.41099238773657376,135.44,5.58,138.09146703623045,0,TOV_KORMOTECH,1,27,2,True,False,False,True,False,False,True,False,False,False,False,True
32917.0,-0.18538408235992876,188.24,8.05,244.55448552419725,0,TOV_KORMOTECH,1,27,3,True,False,False,True,False,False,True,False,False,False,False,True
53487.0,0.6249050642525138,153.6,6.45,120.59004991867182,0,TOV_KORMOTECH,1,27,4,True,False,False,True,False,False,True,False,False,False,False,True
42416.0,-0.20698487482939776,160.74,7.01,165.2678234628442,0,TOV_KORMOTECH,1,27,5,True,False,False,True,False,False,True,False,False,False,False,True
43508.0,0.025745001886080754,222.73,9.69,222.71766111979403,0,TOV_KORMOTECH,1,27,6,True,False,False,True,False,False,True,False,False,False,False,True
38101.0,-0.12427599521927002,174.85,6.54,171.64903808298996,0,TOV_KORMOTECH,1,27,7,True,False,False,True,False,False,True,False,False,False,False,True
25825.0,-0.32219626781449306,154.92,5.88,227.6863504356244,0,TOV_KORMOTECH,1,27,8,True,False,False,True,False,False,True,False,False,False,False,True
71149.0,1.7550435624394964,269.1,11.27,158.3999775119819,0,TOV_KORMOTECH,1,27,9,True,False,False,True,False,False,True,False,False,False,False,True
35005.0,-0.5080043289434848,121.38,4.71,134.55220682759605,0,TOV_KORMOTECH,1,27,10,True,False,False,True,False,False,True,False,False,False,False,True
60929.0,0.7405799171546923,234.49,9.2,150.99542089973576,0,TOV_KORMOTECH,1,27,11,True,False,False,True,False,False,True,False,False,False,False,True
50874.0,-0.16502814751596118,295.66,12.24,240.59440971812714,0,TOV_KORMOTECH,1,27,12,True,False,False,True,False,False,True,False,False,False,False,True
36936.0,-0.27397098714471046,176.35,7.27,196.8269439029673,0,TOV_KORMOTECH,1,27,13,True,False,False,True,False,False,True,False,False,False,False,True
39867.0,0.0793534762833008,144.13,6.27,157.27293250056437,0,TOV_KORMOTECH,1,27,14,True,False,False,True,False,False,True,False,False,False,False,True
31986.0,-0.19768229362630751,170.37,7.04,220.09629212780592,1,TOV_KORMOTECH,1,27,15,True,False,False,True,False,False,True,False,False,False,False,True
21023.0,-0.34274370036891144,121.68,5.08,241.64010845264713,1,TOV_KORMOTECH,1,27,16,True,False,False,True,False,False,True,False,False,False,False,True
11199.0,-0.4672977215430719,75.53,3.01,268.77399767836414,1,TOV_KORMOTECH,1,27,17,True,False,False,True,False,False,True,False,False,False,False,True
26673.0,1.381730511652826,133.47,5.52,206.95084917332133,1,TOV_KORMOTECH,1,27,18,True,False,False,True,False,False,True,False,False,False,False,True
24108.0,-0.09616466089303788,91.07,3.79,157.20922515347604,1,TOV_KORMOTECH,1,27,19,True,False,False,True,False,False,True,False,False,False,False,True
34845.0,0.44537083125933297,164.34,8.43,241.92854068015498,1,TOV_KORMOTECH,1,27,20,True,False,False,True,False,False,True,False,False,False,False,True
65014.0,0.8658057110058832,291.09,13.27,204.10988402497924,1,TOV_KORMOTECH,1,27,21,True,False,False,True,False,False,True,False,False,False,False,True
40457.0,-0.37771864521487675,182.78,8.91,220.23382850928147,1,TOV_KORMOTECH,1,27,22,True,False,False,True,False,False,True,False,False,False,False,True
47261.0,0.16817855995254227,210.8,10.49,221.95890903704958,1,TOV_KORMOTECH,1,27,23,True,False,False,True,False,False,True,False,False,False,False,True
32129.0,-0.32017942912761055,141.72,7.12,221.60664819944597,1,TOV_KORMOTECH,1,27,24,True,False,False,True,False,False,True,False,False,False,False,True
52240.0,0.6259454075757105,279.02,13.95,267.03675344563555,1,TOV_KORMOTECH,1,27,25,True,False,False,True,False,False,True,False,False,False,False,True
61484.0,0.17695252679938744,267.11,14.02,228.02680372129333,1,TOV_KORMOTECH,1,27,26,True,False,False,True,False,False,True,False,False,False,False,True
37138.0,-0.3959729360484029,227.08,11.62,312.88706984759546,1,TOV_KORMOTECH,1,27,27,True,False,False,True,False,False,True,False,False,False,False,True
57251.0,0.5415746674565136,227.7,12.33,215.367417163019,1,TOV_KORMOTECH,1,27,28,True,False,False,True,False,False,True,False,False,False,False,True
46111.0,-0.19458175403049727,259.08,14.18,307.51881329834526,1,TOV_KORMOTECH,1,27,29,True,False,False,True,False,False,True,False,False,False,False,True
53951.0,0.17002450608314712,237.4,11.88,220.19981093955627,1,TOV_KORMOTECH,1,27,30,True,False,False,True,False,False,True,False,False,False,False,True
12997.0,0.0,117.96,3.57,274.6787720243133,0,TOV_KORMOTECH,1,29,1,True,False,False,False,True,False,True,False,False,False,False,True
14054.0,0.0813264599522967,143.61,4.39,312.3665860253309,0,TOV_KORMOTECH,1,29,2,True,False,False,False,True,False,True,False,False,False,False,True
19340.0,0.37612067738722077,174.55,5.32,275.0775594622544,0,TOV_KORMOTECH,1,29,3,True,False,False,False,True,False,True,False,False,False,False,True
23479.0,0.2140124095139606,193.38,5.95,253.41794795349037,0,TOV_KORMOTECH,1,29,4,True,False,False,False,True,False,True,False,False,False,False,True
15403.0,-0.3439669491886367,119.51,3.75,243.45906641563332,0,TOV_KORMOTECH,1,29,5,True,False,False,False,True,False,True,False,False,False,False,True
13803.0,-0.10387586833733686,119.53,3.8,275.3024704774324,0,TOV_KORMOTECH,1,29,6,True,False,False,False,True,False,True,False,False,False,False,True
18047.0,0.30746939071216395,182.63,5.35,296.44816312960603,0,TOV_KORMOTECH,1,29,7,True,False,False,False,True,False,True,False,False,False,False,True
14366.0,-0.20396741840749155,153.1,4.37,304.19044967283867,0,TOV_KORMOTECH,1,29,8,True,False,False,False,True,False,True,False,False,False,False,True
24926.0,0.7350689127105665,176.47,5.2,208.61750782315656,0,TOV_KORMOTECH,1,29,9,True,False,False,False,True,False,True,False,False,False,False,True
15447.0,-0.38028564551071176,169.41,5.22,337.92969508642454,0,TOV_KORMOTECH,1,29,10,True,False,False,False,True,False,True,False,False,False,False,True
18344.0,0.1875445070240176,190.86,5.65,308.00261665939814,0,TOV_KORMOTECH,1,29,11,True,False,False,False,True,False,True,False,False,False,False,True
22939.0,0.25049062363715646,199.84,6.02,262.43515410436373,0,TOV_KORMOTECH,1,29,12,True,False,False,False,True,False,True,False,False,False,False,True
20979.0,-0.08544400366188587,183.26,5.74,273.60694027360694,0,TOV_KORMOTECH,1,29,13,True,False,False,False,True,False,True,False,False,False,False,True
16848.0,-0.19691119691119696,135.82,4.5,267.09401709401715,0,TOV_KORMOTECH,1,29,14,True,False,False,False,True,False,True,False,False,False,False,True
21454.0,0.27338556505223166,226.36,7.44,346.78847767316125,1,TOV_KORMOTECH,1,29,15,True,False,False,False,True,False,True,False,False,False,False,True
12791.0,-0.4037941642584133,123.82,4.14,323.6650770072707,1,TOV_KORMOTECH,1,29,16,True,False,False,False,True,False,True,False,False,False,False,True
8015.0,-0.3733875381127355,59.19,1.87,233.3125389893949,1,TOV_KORMOTECH,1,29,17,True,False,False,False,True,False,True,False,False,False,False,True
21584.0,1.692950717404866,196.69,6.42,297.4425500370645,1,TOV_KORMOTECH,1,29,18,True,False,False,False,True,False,True,False,False,False,False,True
10037.0,-0.5349796145292809,104.88,3.59,357.6765965926073,1,TOV_KORMOTECH,1,29,19,True,False,False,False,True,False,True,False,False,False,False,True
18548.0,0.8479625386071534,171.09,7.09,382.2514556825534,1,TOV_KORMOTECH,1,29,20,True,False,False,False,True,False,True,False,False,False,False,True
31397.0,0.6927431529005823,297.5,10.87,346.2114214733891,1,TOV_KORMOTECH,1,29,21,True,False,False,False,True,False,True,False,False,False,False,True
20104.0,-0.35968404624645667,174.35,7.01,348.68682849184245,1,TOV_KORMOTECH,1,29,22,True,False,False,False,True,False,True,False,False,False,False,True
21059.0,0.04750298448070045,210.5,8.28,393.1810627285246,1,TOV_KORMOTECH,1,29,23,True,False,False,False,True,False,True,False,False,False,False,True
17956.0,-0.1473479272520063,171.2,6.33,352.5284027623079,1,TOV_KORMOTECH,1,29,24,True,False,False,False,True,False,True,False,False,False,False,True
26416.0,0.4711517041657385,261.52,10.6,401.27195639006663,1,TOV_KORMOTECH,1,29,25,True,False,False,False,True,False,True,False,False,False,False,True
26843.0,0.01616444579042997,251.69,10.31,384.0852363744738,1,TOV_KORMOTECH,1,29,26,True,False,False,False,True,False,True,False,False,False,False,True
19547.0,-0.27180270461572853,196.11,7.88,403.1309152299586,1,TOV_KORMOTECH,1,29,27,True,False,False,False,True,False,True,False,False,False,False,True
18978.0,-0.02910932623932061,154.75,7.18,378.33280640741907,1,TOV_KORMOTECH,1,29,28,True,False,False,False,True,False,True,False,False,False,False,True
31612.0,0.6657182000210771,248.14,11.34,358.7245349867139,1,TOV_KORMOTECH,1,29,29,True,False,False,False,True,False,True,False,False,False,False,True
26745.0,-0.15396052132101734,257.28,10.06,376.1450738455786,1,TOV_KORMOTECH,1,29,30,True,False,False,False,True,False,True,False,False,False,False,True
5406.0,0.0,17.45,1.31,242.3233444321125,0,TOV_KORMOTECH,1,31,1,True,False,False,True,False,False,False,True,False,False,False,True
10864.0,1.009618941916389,15.24,1.12,103.09278350515464,0,TOV_KORMOTECH,1,31,2,True,False,False,True,False,False,False,True,False,False,False,True
4818.0,-0.5565169366715759,18.62,1.41,292.6525529265255,0,TOV_KORMOTECH,1,31,3,True,False,False,True,False,False,False,True,False,False,False,True
11537.0,1.3945620589456205,14.76,1.1,95.34541041865303,0,TOV_KORMOTECH,1,31,4,True,False,False,True,False,False,False,True,False,False,False,True
6686.0,-0.42047325994625984,19.27,1.36,203.41011067903082,0,TOV_KORMOTECH,1,31,5,True,False,False,True,False,False,False,True,False,False,False,True
4245.0,-0.36509123541728983,9.79,0.7,164.89988221436985,0,TOV_KORMOTECH,1,31,6,True,False,False,True,False,False,False,True,False,False,False,True
19578.0,3.6120141342756185,47.38,3.44,175.70742670344265,0,TOV_KORMOTECH,1,31,7,True,False,False,True,False,False,False,True,False,False,False,True
3575.0,-0.8173970783532536,13.01,0.83,232.16783216783216,0,TOV_KORMOTECH,1,31,8,True,False,False,True,False,False,False,True,False,False,False,True
27053.0,6.567272727272727,48.4,3.55,131.22389383802167,0,TOV_KORMOTECH,1,31,9,True,False,False,True,False,False,False,True,False,False,False,True
11804.0,-0.5636713118692935,16.31,1.0,84.71704506946799,0,TOV_KORMOTECH,1,31,10,True,False,False,True,False,False,False,True,False,False,False,True
5909.0,-0.4994069806845137,24.6,1.52,257.23472668810285,0,TOV_KORMOTECH,1,31,11,True,False,False,True,False,False,False,True,False,False,False,True
6436.0,0.08918598747673046,19.35,1.32,205.09633312616535,0,TOV_KORMOTECH,1,31,12,True,False,False,True,False,False,False,True,False,False,False,True
7008.0,0.08887507768800496,15.12,1.11,158.3904109589041,0,TOV_KORMOTECH,1,31,13,True,False,False,True,False,False,False,True,False,False,False,True
4844.0,-0.3087899543378996,17.11,1.27,262.18001651527663,0,TOV_KORMOTECH,1,31,14,True,False,False,True,False,False,False,True,False,False,False,True
8567.0,0.768579686209744,33.62,2.37,276.6429321816272,1,TOV_KORMOTECH,1,31,15,True,False,False,True,False,False,False,True,False,False,False,True
5673.0,-0.3378078673981557,14.61,1.25,220.3419707385863,1,TOV_KORMOTECH,1,31,16,True,False,False,True,False,False,False,True,False,False,False,True
10106.0,0.7814207650273224,19.71,1.47,145.45814367702354,1,TOV_KORMOTECH,1,31,17,True,False,False,True,False,False,False,True,False,False,False,True
7705.0,-0.23758163467247184,20.54,1.47,190.78520441271903,1,TOV_KORMOTECH,1,31,18,True,False,False,True,False,False,False,True,False,False,False,True
11090.0,0.4393251135626217,18.16,1.24,111.81244364292155,1,TOV_KORMOTECH,1,31,19,True,False,False,True,False,False,False,True,False,False,False,True
27257.0,1.4577998196573492,35.28,4.07,149.31944087757276,1,TOV_KORMOTECH,1,31,20,True,False,False,True,False,False,False,True,False,False,False,True
8963.0,-0.6711670396595371,20.99,1.7,189.66863773290194,1,TOV_KORMOTECH,1,31,21,True,False,False,True,False,False,False,True,False,False,False,True
12765.0,0.42418832980029,33.04,2.61,204.46533490011748,1,TOV_KORMOTECH,1,31,22,True,False,False,True,False,False,False,True,False,False,False,True
13275.0,0.0399529964747356,33.71,3.02,227.49529190207156,1,TOV_KORMOTECH,1,31,23,True,False,False,True,False,False,False,True,False,False,False,True
7968.0,-0.399774011299435,16.47,1.3,163.15261044176708,1,TOV_KORMOTECH,1,31,24,True,False,False,True,False,False,False,True,False,False,False,True
16681.0,1.0934989959839356,55.45,5.15,308.7344883400276,1,TOV_KORMOTECH,1,31,25,True,False,False,True,False,False,False,True,False,False,False,True
17902.0,0.07319705053653847,48.1,3.96,221.20433471120543,1,TOV_KORMOTECH,1,31,26,True,False,False,True,False,False,False,True,False,False,False,True
13624.0,-0.238967713104681,38.71,4.23,310.48150322959486,1,TOV_KORMOTECH,1,31,27,True,False,False,True,False,False,False,True,False,False,False,True
7812.0,-0.4266001174398121,23.77,2.11,270.0972862263185,1,TOV_KORMOTECH,1,31,28,True,False,False,True,False,False,False,True,False,False,False,True
27497.0,2.5198412698412698,40.73,4.31,156.74437211332145,1,TOV_KORMOTECH,1,31,29,True,False,False,True,False,False,False,True,False,False,False,True
24813.0,-0.09761064843437461,27.41,2.91,117.27723370813686,1,TOV_KORMOTECH,1,31,30,True,False,False,True,False,False,False,True,False,False,False,True
2980.0,0.0,21.8,1.25,419.46308724832215,0,TOV_KORMOTECH,1,33,1,True,False,False,False,True,False,False,True,False,False,False,True
7716.0,1.5892617449664428,19.86,1.12,145.15292897874548,0,TOV_KORMOTECH,1,33,2,True,False,False,False,True,False,False,True,False,False,False,True
3104.0,-0.5977190254017626,25.11,1.38,444.58762886597935,0,TOV_KORMOTECH,1,33,3,True,False,False,False,True,False,False,True,False,False,False,True
8752.0,1.8195876288659796,29.63,1.73,197.6691042047532,0,TOV_KORMOTECH,1,33,4,True,False,False,False,True,False,False,True,False,False,False,True
3775.0,-0.5686700182815356,22.44,1.22,323.1788079470199,0,TOV_KORMOTECH,1,33,5,True,False,False,False,True,False,False,True,False,False,False,True
3687.0,-0.02331125827814573,18.44,0.97,263.08652020612965,0,TOV_KORMOTECH,1,33,6,True,False,False,False,True,False,False,True,False,False,False,True
28428.0,6.71033360455655,104.57,6.17,217.0395384831856,0,TOV_KORMOTECH,1,33,7,True,False,False,False,True,False,False,True,False,False,False,True
3430.0,-0.8793443084283101,22.1,1.1,320.69970845481055,0,TOV_KORMOTECH,1,33,8,True,False,False,False,True,False,False,True,False,False,False,True
27209.0,6.93265306122449,103.2,5.96,219.0451688779448,0,TOV_KORMOTECH,1,33,9,True,False,False,False,True,False,False,True,False,False,False,True
14533.0,-0.4658752618618839,48.16,3.79,260.7857978394,0,TOV_KORMOTECH,1,33,10,True,False,False,False,True,False,False,True,False,False,False,True
4426.0,-0.6954517305442786,33.21,1.6,361.50022593764123,0,TOV_KORMOTECH,1,33,11,True,False,False,False,True,False,False,True,False,False,False,True
3840.0,-0.1323994577496611,20.76,1.05,273.4375,0,TOV_KORMOTECH,1,33,12,True,False,False,False,True,False,False,True,False,False,False,True
3676.0,-0.04270833333333335,20.59,1.13,307.3993471164309,0,TOV_KORMOTECH,1,33,13,True,False,False,False,True,False,False,True,False,False,False,True
4128.0,0.12295973884657241,32.71,1.82,440.8914728682171,0,TOV_KORMOTECH,1,33,14,True,False,False,False,True,False,False,True,False,False,False,True
7820.0,0.8943798449612403,48.6,2.62,335.0383631713555,1,TOV_KORMOTECH,1,33,15,True,False,False,False,True,False,False,True,False,False,False,True
3399.0,-0.5653452685421995,21.54,1.35,397.17563989408654,1,TOV_KORMOTECH,1,33,16,True,False,False,False,True,False,False,True,False,False,False,True
5465.0,0.6078258311268021,23.61,1.4,256.1756633119853,1,TOV_KORMOTECH,1,33,17,True,False,False,False,True,False,False,True,False,False,False,True
5647.0,0.033302836230558075,27.9,1.63,288.6488400920843,1,TOV_KORMOTECH,1,33,18,True,False,False,False,True,False,False,True,False,False,False,True
6914.0,0.22436692048875506,20.79,1.15,166.32918715649404,1,TOV_KORMOTECH,1,33,19,True,False,False,False,True,False,False,True,False,False,False,True
9346.0,0.3517500723170379,33.9,2.4,256.79435052428846,1,TOV_KORMOTECH,1,33,20,True,False,False,False,True,False,False,True,False,False,False,True
7582.0,-0.188743847635352,44.65,2.54,335.0039567396465,1,TOV_KORMOTECH,1,33,21,True,False,False,False,True,False,False,True,False,False,False,True
9794.0,0.29174360327090487,49.91,3.07,313.4572187053298,1,TOV_KORMOTECH,1,33,22,True,False,False,False,True,False,False,True,False,False,False,True
25748.0,1.62895650398203,74.29,6.74,261.76790430324684,1,TOV_KORMOTECH,1,33,23,True,False,False,False,True,False,False,True,False,False,False,True
5384.0,-0.7908963803013827,49.45,2.78,516.3447251114412,1,TOV_KORMOTECH,1,33,24,True,False,False,False,True,False,False,True,False,False,False,True
8538.0,0.5858098068350668,46.18,3.2,374.7950339658,1,TOV_KORMOTECH,1,33,25,True,False,False,False,True,False,False,True,False,False,False,True
9289.0,0.08795970953384868,62.33,3.99,429.5403165033911,1,TOV_KORMOTECH,1,33,26,True,False,False,False,True,False,False,True,False,False,False,True
7794.0,-0.1609430509204436,38.03,3.09,396.45881447267124,1,TOV_KORMOTECH,1,33,27,True,False,False,False,True,False,False,True,False,False,False,True
3677.0,-0.5282268411598665,27.79,1.92,522.1648082676094,1,TOV_KORMOTECH,1,33,28,True,False,False,False,True,False,False,True,False,False,False,True
4714.0,0.2820233886320369,48.0,3.58,759.439966058549,1,TOV_KORMOTECH,1,33,29,True,False,False,False,True,False,False,True,False,False,False,True
13175.0,1.794866355536699,38.01,2.65,201.13851992409866,1,TOV_KORMOTECH,1,33,30,True,False,False,False,True,False,False,True,False,False,False,True
7127.0,0.0,21.59,0.4,56.12459660446191,0,TOV_KORMOTECH,1,35,1,True,False,False,False,True,True,False,False,False,False,False,True
7009.0,-0.016556755998316297,21.46,0.41,58.496219146811235,0,TOV_KORMOTECH,1,35,2,True,False,False,False,True,True,False,False,False,False,False,True
3908.0,-0.4424311599372236,17.53,0.32,81.88331627430911,0,TOV_KORMOTECH,1,35,3,True,False,False,False,True,True,False,False,False,False,False,True
5205.0,0.3318833162743091,23.4,0.44,84.53410182516811,0,TOV_KORMOTECH,1,35,4,True,False,False,False,True,True,False,False,False,False,False,True
2957.0,-0.4318924111431316,20.47,0.38,128.50862360500506,0,TOV_KORMOTECH,1,35,5,True,False,False,False,True,True,False,False,False,False,False,True
4329.0,0.46398376733175506,22.86,0.42,97.02009702009701,0,TOV_KORMOTECH,1,35,6,True,False,False,False,True,True,False,False,False,False,False,True
7844.0,0.811965811965812,20.86,0.39,49.71953085160633,0,TOV_KORMOTECH,1,35,7,True,False,False,False,True,True,False,False,False,False,False,True
3332.0,-0.5752167261601224,17.17,0.3,90.0360144057623,0,TOV_KORMOTECH,1,35,8,True,False,False,False,True,True,False,False,False,False,False,True
11779.0,2.5351140456182475,53.35,0.98,83.19891332031582,0,TOV_KORMOTECH,1,35,9,True,False,False,False,True,True,False,False,False,False,False,True
2994.0,-0.7458188301214025,14.91,0.27,90.1803607214429,0,TOV_KORMOTECH,1,35,10,True,False,False,False,True,True,False,False,False,False,False,True
12297.0,3.1072144288577155,35.81,0.68,55.29804017239977,0,TOV_KORMOTECH,1,35,11,True,False,False,False,True,True,False,False,False,False,False,True
5590.0,-0.5454175815239489,27.23,0.52,93.0232558139535,0,TOV_KORMOTECH,1,35,12,True,False,False,False,True,True,False,False,False,False,False,True
6411.0,0.1468694096601073,18.26,0.36,56.1534861956013,0,TOV_KORMOTECH,1,35,13,True,False,False,False,True,True,False,False,False,False,False,True
5897.0,-0.08017469973483071,20.31,0.41,69.52687807359673,0,TOV_KORMOTECH,1,35,14,True,False,False,False,True,True,False,False,False,False,False,True
5202.0,-0.11785653722231648,11.03,0.23,44.21376393694733,1,TOV_KORMOTECH,1,35,15,True,False,False,False,True,True,False,False,False,False,False,True
3866.0,-0.25682429834678966,9.25,0.2,51.733057423693744,1,TOV_KORMOTECH,1,35,16,True,False,False,False,True,True,False,False,False,False,False,True
1974.0,-0.4893947232281428,4.21,0.08,40.52684903748733,1,TOV_KORMOTECH,1,35,17,True,False,False,False,True,True,False,False,False,False,False,True
2916.0,0.4772036474164134,11.64,0.24,82.30452674897118,1,TOV_KORMOTECH,1,35,18,True,False,False,False,True,True,False,False,False,False,False,True
1706.0,-0.4149519890260631,7.14,0.19,111.37162954279016,1,TOV_KORMOTECH,1,35,19,True,False,False,False,True,True,False,False,False,False,False,True
6576.0,2.8546307151230947,13.14,0.39,59.306569343065696,1,TOV_KORMOTECH,1,35,20,True,False,False,False,True,True,False,False,False,False,False,True
3793.0,-0.423205596107056,14.73,0.4,105.45742156604271,1,TOV_KORMOTECH,1,35,21,True,False,False,False,True,True,False,False,False,False,False,True
3077.0,-0.18876878460321644,11.49,0.31,100.74748131296717,1,TOV_KORMOTECH,1,35,22,True,False,False,False,True,True,False,False,False,False,False,True
5986.0,0.9454013649658759,17.32,0.5,83.5282325425994,1,TOV_KORMOTECH,1,35,23,True,False,False,False,True,True,False,False,False,False,False,True
944.0,-0.8422986969595723,2.74,0.06,63.559322033898304,1,TOV_KORMOTECH,1,35,24,True,False,False,False,True,True,False,False,False,False,False,True
4312.0,3.5677966101694913,11.44,0.31,71.89239332096476,1,TOV_KORMOTECH,1,35,25,True,False,False,False,True,True,False,False,False,False,False,True
8084.0,0.8747680890538034,22.08,0.61,75.45769421078674,1,TOV_KORMOTECH,1,35,26,True,False,False,False,True,True,False,False,False,False,False,True
4496.0,-0.4438396833250866,22.93,0.62,137.90035587188612,1,TOV_KORMOTECH,1,35,27,True,False,False,False,True,True,False,False,False,False,False,True
7334.0,0.6312277580071175,15.46,0.46,62.72157076629398,1,TOV_KORMOTECH,1,35,28,True,False,False,False,True,True,False,False,False,False,False,True
9504.0,0.295882192527952,17.45,0.53,55.765993265993274,1,TOV_KORMOTECH,1,35,29,True,False,False,False,True,True,False,False,False,False,False,True
2064.0,-0.7828282828282829,5.97,0.21,101.74418604651162,1,TOV_KORMOTECH,1,35,30,True,False,False,False,True,True,False,False,False,False,False,True
44519.0,0.0,106.52,2.64,59.3005233720434,0,TOV_KORMOTECH,1,37,1,True,False,False,True,False,True,False,False,False,False,False,True
62069.0,0.3942137065073339,139.93,3.65,58.805522885820615,0,TOV_KORMOTECH,1,37,2,True,False,False,True,False,True,False,False,False,False,False,True
40525.0,-0.34709758494578613,171.49,4.14,102.15916101172115,0,TOV_KORMOTECH,1,37,3,True,False,False,True,False,True,False,False,False,False,False,True
33098.0,-0.18326958667489202,131.26,3.23,97.58897818599311,0,TOV_KORMOTECH,1,37,4,True,False,False,True,False,True,False,False,False,False,False,True
119404.0,2.607589582452112,218.06,5.39,45.140866302636425,0,TOV_KORMOTECH,1,37,5,True,False,False,True,False,True,False,False,False,False,False,True
73620.0,-0.38343774077920334,162.74,4.06,55.148057593045365,0,TOV_KORMOTECH,1,37,6,True,False,False,True,False,True,False,False,False,False,False,True
30713.0,-0.582817169247487,85.7,1.99,64.79340995669585,0,TOV_KORMOTECH,1,37,7,True,False,False,True,False,True,False,False,False,False,False,True
19633.0,-0.3607592875980855,101.68,2.33,118.67773646411653,0,TOV_KORMOTECH,1,37,8,True,False,False,True,False,True,False,False,False,False,False,True
69757.0,2.5530484388529517,273.87,6.62,94.90087016356782,0,TOV_KORMOTECH,1,37,9,True,False,False,True,False,True,False,False,False,False,False,True
34198.0,-0.5097552933755752,125.9,2.82,82.46096262939352,0,TOV_KORMOTECH,1,37,10,True,False,False,True,False,True,False,False,False,False,False,True
49421.0,0.44514299081817654,157.63,3.9,78.9138220594484,0,TOV_KORMOTECH,1,37,11,True,False,False,True,False,True,False,False,False,False,False,True
47146.0,-0.046033062868011565,213.74,5.21,110.50778432952956,0,TOV_KORMOTECH,1,37,12,True,False,False,True,False,True,False,False,False,False,False,True
44794.0,-0.04988758325202558,123.26,3.05,68.08947626914319,0,TOV_KORMOTECH,1,37,13,True,False,False,True,False,True,False,False,False,False,False,True
43336.0,-0.03254900209849532,171.95,4.39,101.30145837179249,0,TOV_KORMOTECH,1,37,14,True,False,False,True,False,True,False,False,False,False,False,True
35146.0,-0.18898836994646484,54.84,1.49,42.39458259830422,1,TOV_KORMOTECH,1,37,15,True,False,False,True,False,True,False,False,False,False,False,True
17865.0,-0.4916917999203323,65.68,1.78,99.63616008956059,1,TOV_KORMOTECH,1,37,16,True,False,False,True,False,True,False,False,False,False,False,True
6931.0,-0.6120347047299188,53.06,1.31,189.0059154523157,1,TOV_KORMOTECH,1,37,17,True,False,False,True,False,True,False,False,False,False,False,True
25514.0,2.6811426922522004,141.38,3.62,141.88288782629147,1,TOV_KORMOTECH,1,37,18,True,False,False,True,False,True,False,False,False,False,False,True
16629.0,-0.3482401818609391,68.63,1.87,112.45414637079801,1,TOV_KORMOTECH,1,37,19,True,False,False,True,False,True,False,False,False,False,False,True
31659.0,0.9038426844668952,154.83,4.77,150.66805647683123,1,TOV_KORMOTECH,1,37,20,True,False,False,True,False,True,False,False,False,False,False,True
48460.0,0.5306863767017278,151.59,4.47,92.24102352455633,1,TOV_KORMOTECH,1,37,21,True,False,False,True,False,True,False,False,False,False,False,True
78787.0,0.6258151052414362,219.59,6.77,85.92788150329369,1,TOV_KORMOTECH,1,37,22,True,False,False,True,False,True,False,False,False,False,False,True
61706.0,-0.21679972584309593,273.03,8.82,142.9358571289664,1,TOV_KORMOTECH,1,37,23,True,False,False,True,False,True,False,False,False,False,False,True
22134.0,-0.6412990633001653,154.24,4.62,208.72865275142317,1,TOV_KORMOTECH,1,37,24,True,False,False,True,False,True,False,False,False,False,False,True
49167.0,1.22133369476823,85.47,3.03,61.626700835926535,1,TOV_KORMOTECH,1,37,25,True,False,False,True,False,True,False,False,False,False,False,True
70974.0,0.44352919641222766,181.36,6.24,87.91951982416097,1,TOV_KORMOTECH,1,37,26,True,False,False,True,False,True,False,False,False,False,False,True
56126.0,-0.20920337024825997,197.42,6.75,120.26511777073014,1,TOV_KORMOTECH,1,37,27,True,False,False,True,False,True,False,False,False,False,False,True
35675.0,-0.3643765812635855,106.15,3.82,107.07778556412053,1,TOV_KORMOTECH,1,37,28,True,False,False,True,False,True,False,False,False,False,False,True
41779.0,0.17110021023125443,130.99,4.81,115.12961056990353,1,TOV_KORMOTECH,1,37,29,True,False,False,True,False,True,False,False,False,False,False,True
36250.0,-0.13233921348045674,158.62,5.04,139.0344827586207,1,TOV_KORMOTECH,1,37,30,True,False,False,True,False,True,False,False,False,False,False,True
1524.0,0.0,21.34,0.35,229.65879265091863,0,TOV_KORMOTECH,1,39,1,True,False,False,True,False,True,False,False,False,False,False,True
1156.0,-0.24146981627296593,16.18,0.26,224.9134948096886,0,TOV_KORMOTECH,1,39,2,True,False,False,True,False,True,False,False,False,False,False,True
1761.0,0.523356401384083,24.65,0.42,238.5008517887564,0,TOV_KORMOTECH,1,39,3,True,False,False,True,False,True,False,False,False,False,False,True
3633.0,1.0630323679727427,50.86,0.84,231.21387283236993,0,TOV_KORMOTECH,1,39,4,True,False,False,True,False,True,False,False,False,False,False,True
369.0,-0.8984310487200661,5.17,0.09,243.90243902439025,0,TOV_KORMOTECH,1,39,5,True,False,False,True,False,True,False,False,False,False,False,True
1417.0,2.8401084010840107,19.84,0.34,239.9435426958363,0,TOV_KORMOTECH,1,39,6,True,False,False,True,False,True,False,False,False,False,False,True
273.0,-0.8073394495412844,3.82,0.06,219.78021978021977,0,TOV_KORMOTECH,1,39,7,True,False,False,True,False,True,False,False,False,False,False,True
1128.0,3.1318681318681323,15.79,0.29,257.09219858156024,0,TOV_KORMOTECH,1,39,8,True,False,False,True,False,True,False,False,False,False,False,True
1343.0,0.19060283687943258,18.8,0.36,268.05658972449737,0,TOV_KORMOTECH,1,39,9,True,False,False,True,False,True,False,False,False,False,False,True
2685.0,0.9992553983618764,37.59,0.7,260.707635009311,0,TOV_KORMOTECH,1,39,10,True,False,False,True,False,True,False,False,False,False,False,True
1249.0,-0.5348230912476722,17.49,0.35,280.22417934347476,0,TOV_KORMOTECH,1,39,11,True,False,False,True,False,True,False,False,False,False,False,True
2410.0,0.9295436349079262,33.74,0.67,278.00829875518673,0,TOV_KORMOTECH,1,39,12,True,False,False,True,False,True,False,False,False,False,False,True
981.0,-0.5929460580912863,13.73,0.26,265.0356778797146,0,TOV_KORMOTECH,1,39,13,True,False,False,True,False,True,False,False,False,False,False,True
1992.0,1.0305810397553516,27.89,0.62,311.2449799196787,0,TOV_KORMOTECH,1,39,14,True,False,False,True,False,True,False,False,False,False,False,True
751.0,-0.6229919678714859,10.51,0.21,279.6271637816245,1,TOV_KORMOTECH,1,39,15,True,False,False,True,False,True,False,False,False,False,False,True
816.0,0.08655126498002663,11.42,0.26,318.62745098039215,1,TOV_KORMOTECH,1,39,16,True,False,False,True,False,True,False,False,False,False,False,True
453.0,-0.44485294117647056,6.34,0.15,331.12582781456956,1,TOV_KORMOTECH,1,39,17,True,False,False,True,False,True,False,False,False,False,False,True
1142.0,1.520971302428256,15.99,0.32,280.21015761821366,1,TOV_KORMOTECH,1,39,18,True,False,False,True,False,True,False,False,False,False,False,True
1308.0,0.14535901926444827,18.31,0.52,397.5535168195719,1,TOV_KORMOTECH,1,39,19,True,False,False,True,False,True,False,False,False,False,False,True
955.0,-0.26987767584097855,13.37,0.37,387.434554973822,1,TOV_KORMOTECH,1,39,20,True,False,False,True,False,True,False,False,False,False,False,True
1473.0,0.5424083769633508,20.62,0.56,380.1765105227428,1,TOV_KORMOTECH,1,39,21,True,False,False,True,False,True,False,False,False,False,False,True
1875.0,0.2729124236252545,26.25,0.67,357.33333333333337,1,TOV_KORMOTECH,1,39,22,True,False,False,True,False,True,False,False,False,False,False,True
1263.0,-0.3264,17.68,0.5,395.882818685669,1,TOV_KORMOTECH,1,39,23,True,False,False,True,False,True,False,False,False,False,False,True
1300.0,0.029295328582739533,18.2,0.54,415.3846153846154,1,TOV_KORMOTECH,1,39,24,True,False,False,True,False,True,False,False,False,False,False,True
2019.0,0.553076923076923,28.27,0.79,391.282813273898,1,TOV_KORMOTECH,1,39,25,True,False,False,True,False,True,False,False,False,False,False,True
3608.0,0.7870232788509164,50.51,1.48,410.19955654101994,1,TOV_KORMOTECH,1,39,26,True,False,False,True,False,True,False,False,False,False,False,True
2212.0,-0.38691796008869184,30.97,0.74,334.5388788426763,1,TOV_KORMOTECH,1,39,27,True,False,False,True,False,True,False,False,False,False,False,True
2366.0,0.06962025316455689,33.12,0.96,405.74809805579036,1,TOV_KORMOTECH,1,39,28,True,False,False,True,False,True,False,False,False,False,False,True
20.0,-0.9915469146238377,0.28,0.01,500.0,1,TOV_KORMOTECH,1,39,29,True,False,False,True,False,True,False,False,False,False,False,True
1363.0,67.15,19.08,0.58,425.531914893617,1,TOV_KORMOTECH,1,39,30,True,False,False,True,False,True,False,False,False,False,False,True
800.0,0.0,11.2,0.15,187.5,0,TOV_KORMOTECH,1,40,1,True,False,False,False,True,True,False,False,False,False,False,True
897.0,0.12125000000000008,12.56,0.17,189.520624303233,0,TOV_KORMOTECH,1,40,2,True,False,False,False,True,True,False,False,False,False,False,True
1078.0,0.2017837235228539,15.09,0.21,194.80519480519482,0,TOV_KORMOTECH,1,40,3,True,False,False,False,True,True,False,False,False,False,False,True
1692.0,0.5695732838589982,23.69,0.33,195.03546099290782,0,TOV_KORMOTECH,1,40,4,True,False,False,False,True,True,False,False,False,False,False,True
905.0,-0.4651300236406619,12.67,0.18,198.89502762430936,0,TOV_KORMOTECH,1,40,5,True,False,False,False,True,True,False,False,False,False,False,True
240.0,-0.7348066298342542,3.36,0.05,208.33333333333334,0,TOV_KORMOTECH,1,40,6,True,False,False,False,True,True,False,False,False,False,False,True
282.0,0.17500000000000004,3.95,0.06,212.7659574468085,0,TOV_KORMOTECH,1,40,7,True,False,False,False,True,True,False,False,False,False,False,True
302.0,0.07092198581560294,4.23,0.06,198.67549668874173,0,TOV_KORMOTECH,1,40,8,True,False,False,False,True,True,False,False,False,False,False,True
429.0,0.42052980132450335,6.01,0.1,233.1002331002331,0,TOV_KORMOTECH,1,40,9,True,False,False,False,True,True,False,False,False,False,False,True
427.0,-0.004662004662004615,5.98,0.09,210.7728337236534,0,TOV_KORMOTECH,1,40,10,True,False,False,False,True,True,False,False,False,False,False,True
770.0,0.8032786885245902,10.78,0.17,220.7792207792208,0,TOV_KORMOTECH,1,40,11,True,False,False,False,True,True,False,False,False,False,False,True
695.0,-0.09740259740259738,9.73,0.16,230.21582733812951,0,TOV_KORMOTECH,1,40,12,True,False,False,False,True,True,False,False,False,False,False,True
561.0,-0.19280575539568345,7.85,0.12,213.90374331550802,0,TOV_KORMOTECH,1,40,13,True,False,False,False,True,True,False,False,False,False,False,True
507.0,-0.09625668449197866,7.1,0.12,236.68639053254438,0,TOV_KORMOTECH,1,40,14,True,False,False,False,True,True,False,False,False,False,False,True
192.0,-0.6213017751479291,2.69,0.04,208.33333333333334,1,TOV_KORMOTECH,1,40,15,True,False,False,False,True,True,False,False,False,False,False,True
721.0,2.7552083333333335,10.09,0.17,235.78363384188629,1,TOV_KORMOTECH,1,40,16,True,False,False,False,True,True,False,False,False,False,False,True
164.0,-0.7725381414701803,2.3,0.03,182.9268292682927,1,TOV_KORMOTECH,1,40,17,True,False,False,False,True,True,False,False,False,False,False,True
1066.0,5.5,14.92,0.24,225.140712945591,1,TOV_KORMOTECH,1,40,18,True,False,False,False,True,True,False,False,False,False,False,True
395.0,-0.6294559099437148,5.53,0.13,329.11392405063293,1,TOV_KORMOTECH,1,40,19,True,False,False,False,True,True,False,False,False,False,False,True
308.0,-0.22025316455696198,4.31,0.1,324.6753246753247,1,TOV_KORMOTECH,1,40,20,True,False,False,False,True,True,False,False,False,False,False,True
799.0,1.594155844155844,11.19,0.26,325.4067584480601,1,TOV_KORMOTECH,1,40,21,True,False,False,False,True,True,False,False,False,False,False,True
366.0,-0.5419274092615769,5.12,0.09,245.9016393442623,1,TOV_KORMOTECH,1,40,22,True,False,False,False,True,True,False,False,False,False,False,True
489.0,0.33606557377049184,6.85,0.16,327.19836400817996,1,TOV_KORMOTECH,1,40,23,True,False,False,False,True,True,False,False,False,False,False,True
229.0,-0.5316973415132924,3.21,0.07,305.6768558951965,1,TOV_KORMOTECH,1,40,24,True,False,False,False,True,True,False,False,False,False,False,True
234.0,0.02183406113537112,3.28,0.07,299.1452991452992,1,TOV_KORMOTECH,1,40,25,True,False,False,False,True,True,False,False,False,False,False,True
1460.0,5.239316239316239,20.44,0.42,287.6712328767123,1,TOV_KORMOTECH,1,40,26,True,False,False,False,True,True,False,False,False,False,False,True
870.0,-0.40410958904109584,12.18,0.25,287.35632183908046,1,TOV_KORMOTECH,1,40,27,True,False,False,False,True,True,False,False,False,False,False,True
1179.0,0.3551724137931034,16.51,0.52,441.0517387616624,1,TOV_KORMOTECH,1,40,28,True,False,False,False,True,True,False,False,False,False,False,True
89.0,-0.9245122985581001,1.25,0.03,337.07865168539325,1,TOV_KORMOTECH,1,40,29,True,False,False,False,True,True,False,False,False,False,False,True
219.0,1.4606741573033708,3.07,0.06,273.972602739726,1,TOV_KORMOTECH,1,40,30,True,False,False,False,True,True,False,False,False,False,False,True
2100.0,0.0,0.01,0.01,4.761904761904763,0,TOV_KORMOTECH,1,53,1,False,True,False,True,False,False,True,False,False,True,False,False
13400.0,5.380952380952381,0.07,0.05,3.7313432835820897,0,TOV_KORMOTECH,1,53,2,False,True,False,True,False,False,True,False,False,True,False,False
39300.0,1.9328358208955225,0.2,0.15,3.8167938931297707,0,TOV_KORMOTECH,1,53,3,False,True,False,True,False,False,True,False,False,True,False,False
9600.0,-0.7557251908396947,0.05,0.04,4.166666666666667,0,TOV_KORMOTECH,1,53,4,False,True,False,True,False,False,True,False,False,True,False,False
7900.0,-0.17708333333333337,0.04,0.03,3.79746835443038,0,TOV_KORMOTECH,1,53,5,False,True,False,True,False,False,True,False,False,True,False,False
12700.0,0.6075949367088607,0.06,0.05,3.937007874015748,0,TOV_KORMOTECH,1,53,6,False,True,False,True,False,False,True,False,False,True,False,False
13700.0,0.07874015748031504,0.07,0.05,3.6496350364963503,0,TOV_KORMOTECH,1,53,7,False,True,False,True,False,False,True,False,False,True,False,False
7500.0,-0.45255474452554745,0.04,0.03,4.0,0,TOV_KORMOTECH,1,53,8,False,True,False,True,False,False,True,False,False,True,False,False
26400.0,2.52,0.13,0.09,3.409090909090909,0,TOV_KORMOTECH,1,53,9,False,True,False,True,False,False,True,False,False,True,False,False
15650.0,-0.4071969696969697,0.08,0.06,3.8338658146964852,0,TOV_KORMOTECH,1,53,10,False,True,False,True,False,False,True,False,False,True,False,False
32000.0,1.0447284345047922,0.16,0.13,4.062500000000001,0,TOV_KORMOTECH,1,53,11,False,True,False,True,False,False,True,False,False,True,False,False
23750.0,-0.2578125,0.12,0.09,3.7894736842105265,0,TOV_KORMOTECH,1,53,12,False,True,False,True,False,False,True,False,False,True,False,False
49000.0,1.0631578947368423,0.25,0.22,4.489795918367347,0,TOV_KORMOTECH,1,53,13,False,True,False,True,False,False,True,False,False,True,False,False
6750.0,-0.8622448979591837,0.03,0.03,4.444444444444444,0,TOV_KORMOTECH,1,53,14,False,True,False,True,False,False,True,False,False,True,False,False
15150.0,1.2444444444444445,0.08,0.06,3.96039603960396,1,TOV_KORMOTECH,1,53,15,False,True,False,True,False,False,True,False,False,True,False,False
7050.0,-0.5346534653465347,0.04,0.03,4.25531914893617,1,TOV_KORMOTECH,1,53,16,False,True,False,True,False,False,True,False,False,True,False,False
4500.0,-0.36170212765957444,0.02,0.02,4.444444444444444,1,TOV_KORMOTECH,1,53,17,False,True,False,True,False,False,True,False,False,True,False,False
6500.0,0.4444444444444444,0.03,0.03,4.615384615384615,1,TOV_KORMOTECH,1,53,18,False,True,False,True,False,False,True,False,False,True,False,False
4000.0,-0.3846153846153846,0.02,0.02,5.0,1,TOV_KORMOTECH,1,53,19,False,True,False,True,False,False,True,False,False,True,False,False
7000.0,0.75,0.04,0.03,4.285714285714286,1,TOV_KORMOTECH,1,53,20,False,True,False,True,False,False,True,False,False,True,False,False
10000.0,0.4285714285714286,0.05,0.04,4.0,1,TOV_KORMOTECH,1,53,21,False,True,False,True,False,False,True,False,False,True,False,False
1000.0,-0.9,0.01,0.0,0.0,1,TOV_KORMOTECH,1,53,22,False,True,False,True,False,False,True,False,False,True,False,False
15000.0,14.0,0.08,0.07,4.666666666666667,1,TOV_KORMOTECH,1,53,23,False,True,False,True,False,False,True,False,False,True,False,False
500.0,-0.9666666666666667,0.0,0.0,0.0,1,TOV_KORMOTECH,1,53,24,False,True,False,True,False,False,True,False,False,True,False,False
6400.0,11.8,0.03,0.03,4.6875,1,TOV_KORMOTECH,1,53,25,False,True,False,True,False,False,True,False,False,True,False,False
7400.0,0.15625,0.04,0.04,5.405405405405405,1,TOV_KORMOTECH,1,53,26,False,True,False,True,False,False,True,False,False,True,False,False
6100.0,-0.17567567567567566,0.03,0.03,4.918032786885245,1,TOV_KORMOTECH,1,53,27,False,True,False,True,False,False,True,False,False,True,False,False
5200.0,-0.14754098360655743,0.03,0.03,5.769230769230769,1,TOV_KORMOTECH,1,53,28,False,True,False,True,False,False,True,False,False,True,False,False
12000.0,1.3076923076923075,0.06,0.07,5.833333333333334,1,TOV_KORMOTECH,1,53,29,False,True,False,True,False,False,True,False,False,True,False,False
3100.0,-0.7416666666666667,0.02,0.02,6.451612903225806,1,TOV_KORMOTECH,1,53,30,False,True,False,True,False,False,True,False,False,True,False,False
5040.0,0.0,0.06,0.04,7.936507936507936,0,TOV_KORMOTECH,1,55,1,False,True,False,False,True,False,True,False,False,True,False,False
8204.0,0.6277777777777778,0.44,0.1,12.189176011701608,0,TOV_KORMOTECH,1,55,2,False,True,False,False,True,False,True,False,False,True,False,False
3444.0,-0.5802047781569966,0.08,0.03,8.710801393728223,0,TOV_KORMOTECH,1,55,3,False,True,False,False,True,False,True,False,False,True,False,False
2932.0,-0.148664343786295,0.15,0.03,10.231923601637106,0,TOV_KORMOTECH,1,55,4,False,True,False,False,True,False,True,False,False,True,False,False
3190.0,0.08799454297407916,0.22,0.04,12.539184952978056,0,TOV_KORMOTECH,1,55,5,False,True,False,False,True,False,True,False,False,True,False,False
2990.0,-0.06269592476489028,0.14,0.03,10.033444816053512,0,TOV_KORMOTECH,1,55,6,False,True,False,False,True,False,True,False,False,True,False,False
3244.0,0.08494983277591972,0.06,0.03,9.247842170160297,0,TOV_KORMOTECH,1,55,7,False,True,False,False,True,False,True,False,False,True,False,False
600.0,-0.815043156596794,0.01,0.0,0.0,0,TOV_KORMOTECH,1,55,8,False,True,False,False,True,False,True,False,False,True,False,False
17298.0,27.83,0.69,0.18,10.40582726326743,0,TOV_KORMOTECH,1,55,9,False,True,False,False,True,False,True,False,False,True,False,False
6996.0,-0.5955601803676726,0.49,0.09,12.864493996569468,0,TOV_KORMOTECH,1,55,10,False,True,False,False,True,False,True,False,False,True,False,False
4254.0,-0.39193825042881647,0.12,0.04,9.402914903620124,0,TOV_KORMOTECH,1,55,11,False,True,False,False,True,False,True,False,False,True,False,False
5622.0,0.3215796897038081,0.12,0.05,8.893632159373889,0,TOV_KORMOTECH,1,55,12,False,True,False,False,True,False,True,False,False,True,False,False
17020.0,2.0273923870508717,0.38,0.15,8.813160987074031,0,TOV_KORMOTECH,1,55,13,False,True,False,False,True,False,True,False,False,True,False,False
2036.0,-0.8803760282021151,0.13,0.02,9.82318271119843,0,TOV_KORMOTECH,1,55,14,False,True,False,False,True,False,True,False,False,True,False,False
2900.0,0.424361493123772,0.12,0.03,10.344827586206897,1,TOV_KORMOTECH,1,55,15,False,True,False,False,True,False,True,False,False,True,False,False
800.0,-0.7241379310344828,0.01,0.01,12.5,1,TOV_KORMOTECH,1,55,16,False,True,False,False,True,False,True,False,False,True,False,False
356.0,-0.5549999999999999,0.01,0.0,0.0,1,TOV_KORMOTECH,1,55,17,False,True,False,False,True,False,True,False,False,True,False,False
844.0,1.3707865168539324,0.01,0.01,11.848341232227488,1,TOV_KORMOTECH,1,55,18,False,True,False,False,True,False,True,False,False,True,False,False
542.0,-0.3578199052132701,0.02,0.0,0.0,1,TOV_KORMOTECH,1,55,19,False,True,False,False,True,False,True,False,False,True,False,False
1182.0,1.1808118081180812,0.03,0.01,8.460236886632826,1,TOV_KORMOTECH,1,55,20,False,True,False,False,True,False,True,False,False,True,False,False
772.0,-0.34686971235194586,0.02,0.01,12.953367875647668,1,TOV_KORMOTECH,1,55,21,False,True,False,False,True,False,True,False,False,True,False,False
374.0,-0.5155440414507773,0.02,0.0,0.0,1,TOV_KORMOTECH,1,55,22,False,True,False,False,True,False,True,False,False,True,False,False
1098.0,1.9358288770053478,0.04,0.01,9.107468123861567,1,TOV_KORMOTECH,1,55,23,False,True,False,False,True,False,True,False,False,True,False,False
200.0,-0.8178506375227687,0.0,0.0,0.0,1,TOV_KORMOTECH,1,55,24,False,True,False,False,True,False,True,False,False,True,False,False
454.0,1.27,0.01,0.0,0.0,1,TOV_KORMOTECH,1,55,25,False,True,False,False,True,False,True,False,False,True,False,False
1060.0,1.3348017621145374,0.03,0.01,9.433962264150944,1,TOV_KORMOTECH,1,55,26,False,True,False,False,True,False,True,False,False,True,False,False
1468.0,0.3849056603773584,0.08,0.02,13.623978201634877,1,TOV_KORMOTECH,1,55,27,False,True,False,False,True,False,True,False,False,True,False,False
1800.0,0.22615803814713886,0.09,0.02,11.111111111111112,1,TOV_KORMOTECH,1,55,28,False,True,False,False,True,False,True,False,False,True,False,False
2130.0,0.18333333333333335,0.05,0.02,9.389671361502348,1,TOV_KORMOTECH,1,55,29,False,True,False,False,True,False,True,False,False,True,False,False
1000.0,-0.5305164319248826,0.03,0.01,10.0,1,TOV_KORMOTECH,1,55,30,False,True,False,False,True,False,True,False,False,True,False,False
